,Unnamed: 0,input_id,output_id,input_text,output_text,chapter,tag,
0,0,0,5318,باید حقوق دیگران را رعایت کنیم,و قال ع من نصب نفسه للناس اماما فلیبدا بتعلیم نفسه قبل تعلیم غیره و لیکن تادیبه بسیرته قبل تادیبه بلسانه و معلم نفسه و مؤدبها احق بالاجلال من معلم الناس و مؤدبهم,73,1,1
1,4,4,5564,نباید براساس ظاهر افراد را قضاوت کرد,و قال ع للظالم من الرجال ثلاث علامات یظلم من فوقه بالمعصیه و من دونه بالغلبه و یظاهر القوم الظلمه,350,0,
2,9,9,5563,باید قدردان دارایی‌های خودمان باشیم,و قال ع اشد الذنوب ما استهان به صاحبه,348,0,
3,13,13,5563,باید بخشنده باشیم,و قال ع اشد الذنوب ما استهان به صاحبه,348,0,
4,14,14,5414,باید حق‌جو وعدالت‌پیشه باشیم,و قال ع ما شککت فی الحق مذ اریته,184,1,
5,15,15,5379,کنترل نکردن زبان انسان را بی‌ارزش می‌کند.,و قال ع المرء مخبوء تحت لسانه,148,0,
6,20,20,5259,باید مهربان بود,و قال ع اذا قدرت علی عدوک فاجعل العفو عنه شکرا للقدره علیه,11,2,
7,24,24,5589,باید در برابر مشکلات استقامت داشته باشیم,و قال ع احذر ان یراک الله عند معصیته و یفقدک عند طاعته فتکون من الخاسرین و اذا قویت فاقو علی طاعه الله و اذا ضعفت فاضعف عن معصیه الله,383,1,
8,34,34,5286,باید به قلب و احساسات توجه کرد,قلب الاحمق فی فیه و لسان العاقل فی قلبه,41,1,
9,35,35,5402,مردم را باید از کارهای بد باز داشت,و قال ع الناس اعداء ما جهلوا,172,0,
10,36,36,5490,باید اهل یاری کردن یکدیگر بود,روی‌ انه ع رفع الیه رجلان سرقا من مال الله احدهما عبد من مال الله و الاخر من عروض الناس فقال ع اما هذا فهو من مال الله و لا حد علیه مال الله اکل بعضه بعضا و اما الاخر فعلیه الحد الشدید فقطع یده,271,-1,
11,37,37,5476,باید در هنگام پیمان بستن دقت کنیم,و قال ع عرفت الله سبحانه بفسخ العزائم و حل العقود و نقض الهمم,250,-2,
12,40,40,5475,باید سعی کنیم نیکو عمل کنیم,و قال ع افضل الاعمال ما اکرهت نفسک علیه,249,0,
13,44,44,5521,باید خسیس باشیم,و قال ع ما زنی غیور قط,305,0,
14,47,47,5344,هرکاری را می‌توان انجام داد به جز تغییر عادت‌ها,و قال ع لا یترک الناس شیئا من امر دینهم لاستصلاح دنیاهم الا فتح الله علیهم ما هو اضر منه,106,-1,
15,48,48,5618,باید از منافق دوری کنیم,و قال ع کفاک ادبا لنفسک اجتناب ما تکرهه من غیرک,412,1,
16,53,1,226,ادب یکی از صفات اخلاقی نیکو است که انسان باید داشته باشد,گر چه بر واعظ شهر این سخن آسان نشود تا ریا ورزد و سالوس مسلمان نشود رندی آموز و کرم کن که نه چندان هنر است حیوانی که ننوشد می و انسان نشود گوهر پاک بباید که شود قابل فیض ور نه هر سنگ و گلی لل و مرجان نشود اسم اعظم بکند کار خود ای دل خوش باش که به تلبیس و حیل دیو مسلمان نشود عشق می‌ورزم و امید که این فن شریف چون هنرهای دگر موجب حرمان نشود دوش می‌گفت که فردا بدهم کام دلت سببی ساز خدایا که پشیمان نشود حسن خلقی ز خدا می‌طلبم خوی تو را تا دگر خاطر ما از تو پریشان نشود ذره را تا نبود همت عالی حافظ طالب چشمه خورشید درخشان نشود,غزل    ۲۲۷,1,
17,65,7,162,ثروت چیز خوبی است,گل بی رخ یار خوش نباشد بی باده بهار خوش نباشد طرف چمن و طواف بستان بی لاله عذار خوش نباشد رقصیدن سرو و حالت گل بی صوت هزار خوش نباشد با یار شکرلب گل اندام بی بوس و کنار خوش نباشد هر نقش که دست عقل بندد جز نقش نگار خوش نباشد جان نقد محقر است حافظ از بهر نثار خوش نباشد,غزل    ۱۶۳,-2,
18,70,10,368,نباید عیبی که خودمان داریم را به دیگران نسبت دهیم,ما ز یاران چشم یاری داشتیم خود غلط بود آن چه ما پنداشتیم تا درخت دوستی برگی دهد حالیا رفتیم و تخمی کاشتیم گفت و گو آیین درویشی نبود ور نه با تو ماجراها داشتیم شیوه چشمت فریب جنگ داشت ما غلط کردیم و صلح انگاشتیم گلبن حسنت نه خود شد دلفروز ما دم همت بر او بگماشتیم نکته‌ها رفت و شکایت کس نکرد جانب حرمت فرونگذاشتیم گفت خود دادی به ما دل حافظا ما محصل بر کسی نگماشتیم,غزل    ۳۶۹,1,
19,71,10,377,نباید عیبی که خودمان داریم را به دیگران نسبت دهیم,ما نگوییم بد و میل به ناحق نکنیم جامه کس سیه و دلق خود ازرق نکنیم عیب درویش و توانگر به کم و بیش بد است کار بد مصلحت آن است که مطلق نکنیم رقم مغلطه بر دفتر دانش نزنیم سر حق بر ورق شعبده ملحق نکنیم شاه اگر جرعه رندان نه به حرمت نوشد التفاتش به می صاف مروق نکنیم خوش برانیم جهان در نظر راهروان فکر اسب سیه و زین مغرق نکنیم آسمان کشتی ارباب هنر می‌شکند تکیه آن به که بر این بحر معلق نکنیم گر بدی گفت حسودی و رفیقی رنجید گو تو خوش باش که ما گوش به احمق نکنیم حافظ ار خصم خطا گفت نگیریم بر او ور به حق گفت جدل با سخن حق نکنیم,غزل    ۳۷۸,2,
20,72,11,216,باید به یتیمان کمک کرد,مسلمانان مرا وقتی دلی بود که با وی گفتمی گر مشکلی بود به گردابی چو می‌افتادم از غم به تدبیرش امید ساحلی بود دلی همدرد و یاری مصلحت بین که استظهار هر اهل دلی بود ز من ضایع شد اندر کوی جانان چه دامنگیر یا رب منزلی بود هنر بی‌عیب حرمان نیست لیکن ز من محرومتر کی سالی بود بر این جان پریشان رحمت آرید که وقتی کاردانی کاملی بود مرا تا عشق تعلیم سخن کرد حدیثم نکته هر محفلی بود مگو دیگر که حافظ نکته‌دان است که ما دیدیم و محکم جاهلی بود,غزل    ۲۱۷,0,
21,76,13,95,باید بخشنده باشیم,درد ما را نیست درمان الغیاث هجر ما را نیست پایان الغیاث دین و دل بردند و قصد جان کنند الغیاث از جور خوبان الغیاث در بهای بوسه‌ای جانی طلب می‌کنند این دلستانان الغیاث خون ما خوردند این کافردلان ای مسلمانان چه درمان الغیاث همچو حافظ روز و شب بی خویشتن گشته‌ام سوزان و گریان الغیاث,غزل    ۹۶,1,
22,79,14,377,باید حق‌جو وعدالت‌پیشه باشیم,ما نگوییم بد و میل به ناحق نکنیم جامه کس سیه و دلق خود ازرق نکنیم عیب درویش و توانگر به کم و بیش بد است کار بد مصلحت آن است که مطلق نکنیم رقم مغلطه بر دفتر دانش نزنیم سر حق بر ورق شعبده ملحق نکنیم شاه اگر جرعه رندان نه به حرمت نوشد التفاتش به می صاف مروق نکنیم خوش برانیم جهان در نظر راهروان فکر اسب سیه و زین مغرق نکنیم آسمان کشتی ارباب هنر می‌شکند تکیه آن به که بر این بحر معلق نکنیم گر بدی گفت حسودی و رفیقی رنجید گو تو خوش باش که ما گوش به احمق نکنیم حافظ ار خصم خطا گفت نگیریم بر او ور به حق گفت جدل با سخن حق نکنیم,غزل    ۳۷۸,0,
23,81,15,226,کنترل نکردن زبان انسان را بی‌ارزش می‌کند.,گر چه بر واعظ شهر این سخن آسان نشود تا ریا ورزد و سالوس مسلمان نشود رندی آموز و کرم کن که نه چندان هنر است حیوانی که ننوشد می و انسان نشود گوهر پاک بباید که شود قابل فیض ور نه هر سنگ و گلی لل و مرجان نشود اسم اعظم بکند کار خود ای دل خوش باش که به تلبیس و حیل دیو مسلمان نشود عشق می‌ورزم و امید که این فن شریف چون هنرهای دگر موجب حرمان نشود دوش می‌گفت که فردا بدهم کام دلت سببی ساز خدایا که پشیمان نشود حسن خلقی ز خدا می‌طلبم خوی تو را تا دگر خاطر ما از تو پریشان نشود ذره را تا نبود همت عالی حافظ طالب چشمه خورشید درخشان نشود,غزل    ۲۲۷,1,
24,82,16,352,نباید از دیگران درخواست های متعدد داشت,من ترک عشق شاهد و ساغر نمی‌کنم صد بار توبه کردم و دیگر نمی‌کنم باغ بهشت و سایه طوبی و قصر و حور با خاک کوی دوست برابر نمی‌کنم تلقین و درس اهل نظر یک اشارت است گفتم کنایتی و مکرر نمی‌کنم هرگز نمی‌شود ز سر خود خبر مرا تا در میان میکده سر بر نمی‌کنم ناصح به طعن گفت که رو ترک عشق کن محتاج جنگ نیست برادر نمی‌کنم این تقواام تمام که با شاهدان شهر ناز و کرشمه بر سر منبر نمی‌کنم حافظ جناب پیر مغان جای دولت است من ترک خاک بوسی این در نمی‌کنم,غزل    ۳۵۳,0,
25,87,18,222,نباید اندوهگین شد,هرگزم نقش تو از لوح دل و جان نرود هرگز از یاد من آن سرو خرامان نرود از دماغ من سرگشته خیال دهنت به جفای فلک و غصه دوران نرود در ازل بست دلم با سر زلفت پیوند تا ابد سر نکشد و از سر پیمان نرود هر چه جز بار غمت بر دل مسکین من است برود از دل من و از دل من آن نرود آن چنان مهر توام در دل و جان جای گرفت که اگر سر برود از دل و از جان نرود گر رود از پی خوبان دل من معذور است درد دارد چه کند کز پی درمان نرود هر که خواهد که چو حافظ نشود سرگردان دل به خوبان ندهد و از پی ایشان نرود,غزل    ۲۲۳,1,
26,95,22,297,میزان موفقیت به اندازه میزان رنج و تلاش است,مقام امن و می بی‌غش و رفیق شفیق گرت مدام میسر شود زهی توفیق جهان و کار جهان جمله هیچ بر هیچ است هزار بار من این نکته کرده‌ام تحقیق دریغ و درد که تا این زمان ندانستم که کیمیای سعادت رفیق بود رفیق به ممنی رو و فرصت شمر غنیمت وقت که در کمینگه عمرند قاطعان طریق بیا که توبه ز لعل نگار و خنده جام حکایتیست که عقلش نمی‌کند تصدیق اگر چه موی میانت به چون منی نرسد خوش است خاطرم از فکر این خیال دقیق حلاوتی که تو را در چه زنخدان است به کنه آن نرسد صد هزار فکر عمیق اگر به رنگ عقیقی شد اشک من چه عجب که مهر خاتم لعل تو هست همچو عقیق به خنده گفت که حافظ غلام طبع توام ببین که تا به چه حدم همی‌کند تحمیق,غزل    ۲۹۸,1,
27,99,24,290,باید در برابر مشکلات استقامت داشته باشیم,ما آزموده‌ایم در این شهر بخت خویش بیرون کشید باید از این ورطه رخت خویش از بس که دست می‌گزم و آه می‌کشم آتش زدم چو گل به تن لخت لخت خویش دوشم ز بلبلی چه خوش آمد که می‌سرود گل گوش پهن کرده ز شاخ درخت خویش کای دل تو شاد باش که آن یار تندخو بسیار تندروی نشیند ز بخت خویش خواهی که سخت و سست جهان بر تو بگذرد بگذر ز عهد سست و سخن‌های سخت خویش وقت است کز فراق تو وز سوز اندرون آتش درافکنم به همه رخت و پخت خویش ای حافظ ار مراد میسر شدی مدام جمشید نیز دور نماندی ز تخت خویش,غزل    ۲۹۱,2,
28,100,25,343,بخشی از زمان هر روز را باید به تفریح و بخش دیگری را به کار اختصاص داد,عمریست تا من در طلب هر روز گامی می‌زنم دست شفاعت هر زمان در نیک نامی می‌زنم بی ماه مهرافروز خود تا بگذرانم روز خود دامی به راهی می‌نهم مرغی به دامی می‌زنم اورنگ کو گلچهر کو نقش وفا و مهر کو حالی من اندر عاشقی داو تمامی می‌زنم تا بو که یابم آگهی از سایه سرو سهی گلبانگ عشق از هر طرف بر خوش خرامی می‌زنم هر چند کان آرام دل دانم نبخشد کام دل نقش خیالی می‌کشم فال دوامی می‌زنم دانم سر آرد غصه را رنگین برآرد قصه را این آه خون افشان که من هر صبح و شامی می‌زنم با آن که از وی غایبم و از می چو حافظ تایبم در مجلس روحانیان گه گاه جامی می‌زنم,غزل    ۳۴۴,-2,
29,106,28,376,باید شکرگزار باشیم,ما شبی دست برآریم و دعایی بکنیم غم هجران تو را چاره ز جایی بکنیم دل بیمار شد از دست رفیقان مددی تا طبیبش به سر آریم و دوایی بکنیم آن که بی جرم برنجید و به تیغم زد و رفت بازش آرید خدا را که صفایی بکنیم خشک شد بیخ طرب راه خرابات کجاست تا در آن آب و هوا نشو و نمایی بکنیم مدد از خاطر رندان طلب ای دل ور نه کار صعب است مبادا که خطایی بکنیم سایه طایر کم حوصله کاری نکند طلب از سایه میمون همایی بکنیم دلم از پرده بشد حافظ خوشگوی کجاست تا به قول و غزلش ساز نوایی بکنیم,غزل    ۳۷۷,0,
30,107,28,286,باید شکرگزار باشیم,ای همه شکل تو مطبوع و همه جای تو خوش دلم از عشوه شیرین شکرخای تو خوش همچو گلبرگ طری هست وجود تو لطیف همچو سرو چمن خلد سراپای تو خوش شیوه و ناز تو شیرین خط و خال تو ملیح چشم و ابروی تو زیبا قد و بالای تو خوش هم گلستان خیالم ز تو پرنقش و نگار هم مشام دلم از زلف سمن سای تو خوش در ره عشق که از سیل بلا نیست گذار کرده‌ام خاطر خود را به تمنای تو خوش شکر چشم تو چه گویم که بدان بیماری می کند درد مرا از رخ زیبای تو خوش در بیابان طلب گر چه ز هر سو خطریست می‌رود حافظ بی‌دل به تولای تو خوش,غزل    ۲۸۷,1,
31,110,30,84,نباید مغرور باشیم,شربتی از لب لعلش نچشیدیم و برفت روی مه پیکر او سیر ندیدیم و برفت گویی از صحبت ما نیک به تنگ آمده بود بار بربست و به گردش نرسیدیم و برفت بس که ما فاتحه و حرز یمانی خواندیم وز پی اش سوره اخلاص دمیدیم و برفت عشوه دادند که بر ما گذری خواهی کرد دیدی آخر که چنین عشوه خریدیم و برفت شد چمان در چمن حسن و لطافت لیکن در گلستان وصالش نچمیدیم و برفت همچو حافظ همه شب ناله و زاری کردیم کای دریغا به وداعش نرسیدیم و برفت,غزل    ۸۵,2,
32,112,31,368,باید خطاهای دیگران را ببخشیم,ما ز یاران چشم یاری داشتیم خود غلط بود آن چه ما پنداشتیم تا درخت دوستی برگی دهد حالیا رفتیم و تخمی کاشتیم گفت و گو آیین درویشی نبود ور نه با تو ماجراها داشتیم شیوه چشمت فریب جنگ داشت ما غلط کردیم و صلح انگاشتیم گلبن حسنت نه خود شد دلفروز ما دم همت بر او بگماشتیم نکته‌ها رفت و شکایت کس نکرد جانب حرمت فرونگذاشتیم گفت خود دادی به ما دل حافظا ما محصل بر کسی نگماشتیم,غزل    ۳۶۹,1,
33,117,33,84,نباید در خوردن زیاده‌روی کرد,شربتی از لب لعلش نچشیدیم و برفت روی مه پیکر او سیر ندیدیم و برفت گویی از صحبت ما نیک به تنگ آمده بود بار بربست و به گردش نرسیدیم و برفت بس که ما فاتحه و حرز یمانی خواندیم وز پی اش سوره اخلاص دمیدیم و برفت عشوه دادند که بر ما گذری خواهی کرد دیدی آخر که چنین عشوه خریدیم و برفت شد چمان در چمن حسن و لطافت لیکن در گلستان وصالش نچمیدیم و برفت همچو حافظ همه شب ناله و زاری کردیم کای دریغا به وداعش نرسیدیم و برفت,غزل    ۸۵,0,
34,118,34,347,باید به قلب و احساسات توجه کرد,دیده دریا کنم و صبر به صحرا فکنم و اندر این کار دل خویش به دریا فکنم از دل تنگ گنهکار برآرم آهی کتش اندر گنه آدم و حوا فکنم مایه خوشدلی آن جاست که دلدار آن جاست می‌کنم جهد که خود را مگر آن جا فکنم بگشا بند قبا ای مه خورشیدکلاه تا چو زلفت سر سودازده در پا فکنم خورده‌ام تیر فلک باده بده تا سرمست عقده دربند کمر ترکش جوزا فکنم جرعه جام بر این تخت روان افشانم غلغل چنگ در این گنبد مینا فکنم حافظا تکیه بر ایام چو سهو است و خطا من چرا عشرت امروز به فردا فکنم,غزل    ۳۴۸,1,
35,121,35,79,مردم را باید از کارهای بد باز داشت,عیب رندان مکن ای زاهد پاکیزه سرشت که گناه دگران بر تو نخواهند نوشت من اگر نیکم و گر بد تو برو خود را باش هر کسی آن درود عاقبت کار که کشت همه کس طالب یارند چه هشیار و چه مست همه جا خانه عشق است چه مسجد چه کنشت سر تسلیم من و خشت در میکده‌ها مدعی گر نکند فهم سخن گو سر و خشت ناامیدم مکن از سابقه لطف ازل تو پس پرده چه دانی که که خوب است و که زشت نه من از پرده تقوا به درافتادم و بس پدرم نیز بهشت ابد از دست بهشت حافظا روز اجل گر به کف آری جامی یک سر از کوی خرابات برندت به بهشت,غزل    ۸۰,-2,
36,125,37,205,باید در هنگام پیمان بستن دقت کنیم,پیش از اینت بیش از این اندیشه عشاق بود مهرورزی تو با ما شهره آفاق بود یاد باد آن صحبت شب‌ها که با نوشین لبان بحث سر عشق و ذکر حلقه عشاق بود پیش از این کاین سقف سبز و طاق مینا برکشند منظر چشم مرا ابروی جانان طاق بود از دم صبح ازل تا آخر شام ابد دوستی و مهر بر یک عهد و یک میثاق بود سایه معشوق اگر افتاد بر عاشق چه شد ما به او محتاج بودیم او به ما مشتاق بود حسن مه رویان مجلس گر چه دل می‌برد و دین بحث ما در لطف طبع و خوبی اخلاق بود بر در شاهم گدایی نکته‌ای در کار کرد گفت بر هر خوان که بنشستم خدا رزاق بود رشته تسبیح اگر بگسست معذورم بدار دستم اندر دامن ساقی سیمین ساق بود در شب قدر ار صبوحی کرده‌ام عیبم مکن سرخوش آمد یار و جامی بر کنار طاق بود شعر حافظ در زمان آدم اندر باغ خلد دفتر نسرین و گل را زینت اوراق بود,غزل    ۲۰۶,0,
37,127,38,368,در انتخاب دوست باید دقت کنیم,ما ز یاران چشم یاری داشتیم خود غلط بود آن چه ما پنداشتیم تا درخت دوستی برگی دهد حالیا رفتیم و تخمی کاشتیم گفت و گو آیین درویشی نبود ور نه با تو ماجراها داشتیم شیوه چشمت فریب جنگ داشت ما غلط کردیم و صلح انگاشتیم گلبن حسنت نه خود شد دلفروز ما دم همت بر او بگماشتیم نکته‌ها رفت و شکایت کس نکرد جانب حرمت فرونگذاشتیم گفت خود دادی به ما دل حافظا ما محصل بر کسی نگماشتیم,غزل    ۳۶۹,1,
38,133,41,106,صبر یکی از صفات خردمندان است,حسن تو همیشه در فزون باد رویت همه ساله لاله گون باد اندر سر ما خیال عشقت هر روز که باد در فزون باد هر سرو که در چمن درآید در خدمت قامتت نگون باد چشمی که نه فتنه تو باشد چون گوهر اشک غرق خون باد چشم تو ز بهر دلربایی در کردن سحر ذوفنون باد هر جا که دلیست در غم تو بی صبر و قرار و بی سکون باد قد همه دلبران عالم پیش الف قدت چو نون باد هر دل که ز عشق توست خالی از حلقه وصل تو برون باد لعل تو که هست جان حافظ دور از لب مردمان دون باد,غزل    ۱۰۷,0,
39,134,42,105,باید سختی‌ها را تحمل کرد,تنت به ناز طبیبان نیازمند مباد وجود نازکت آزرده گزند مباد سلامت همه آفاق در سلامت توست به هیچ عارضه شخص تو دردمند مباد جمال صورت و معنی ز امن صحت توست که ظاهرت دژم و باطنت نژند مباد در این چمن چو درآید خزان به یغمایی رهش به سرو سهی قامت بلند مباد در آن بساط که حسن تو جلوه آغازد مجال طعنه بدبین و بدپسند مباد هر آن که روی چو ماهت به چشم بد بیند بر آتش تو بجز جان او سپند مباد شفا ز گفته شکرفشان حافظ جوی که حاجتت به علاج گلاب و قند مباد,غزل    ۱۰۶,0,
40,137,43,377,ما باید راست بگوییم حتی اگر به ضرر ما باشد و نباید دروغ بگوییم حتی اگر به ما سود برساند,ما نگوییم بد و میل به ناحق نکنیم جامه کس سیه و دلق خود ازرق نکنیم عیب درویش و توانگر به کم و بیش بد است کار بد مصلحت آن است که مطلق نکنیم رقم مغلطه بر دفتر دانش نزنیم سر حق بر ورق شعبده ملحق نکنیم شاه اگر جرعه رندان نه به حرمت نوشد التفاتش به می صاف مروق نکنیم خوش برانیم جهان در نظر راهروان فکر اسب سیه و زین مغرق نکنیم آسمان کشتی ارباب هنر می‌شکند تکیه آن به که بر این بحر معلق نکنیم گر بدی گفت حسودی و رفیقی رنجید گو تو خوش باش که ما گوش به احمق نکنیم حافظ ار خصم خطا گفت نگیریم بر او ور به حق گفت جدل با سخن حق نکنیم,غزل    ۳۷۸,1,
41,140,45,51,باید به پدر و مادر احترام گذاشت,روزگاریست که سودای بتان دین من است غم این کار نشاط دل غمگین من است دیدن روی تو را دیده جان بین باید وین کجا مرتبه چشم جهان بین من است یار من باش که زیب فلک و زینت دهر از مه روی تو و اشک چو پروین من است تا مرا عشق تو تعلیم سخن گفتن کرد خلق را ورد زبان مدحت و تحسین من است دولت فقر خدایا به من ارزانی دار کاین کرامت سبب حشمت و تمکین من است واعظ شحنه شناس این عظمت گو مفروش زان که منزلگه سلطان دل مسکین من است یا رب این کعبه مقصود تماشاگه کیست که مغیلان طریقش گل و نسرین من است حافظ از حشمت پرویز دگر قصه مخوان که لبش جرعه کش خسرو شیرین من است,غزل    ۵۲,0,
42,141,45,486,باید به پدر و مادر احترام گذاشت,ای بی‌خبر بکوش که صاحب خبر شوی تا راهرو نباشی کی راهبر شوی در مکتب حقایق پیش ادیب عشق هان ای پسر بکوش که روزی پدر شوی دست از مس وجود چو مردان ره بشوی تا کیمیای عشق بیابی و زر شوی خواب و خورت ز مرتبه خویش دور کرد آن گه رسی به خویش که بی خواب و خور شوی گر نور عشق حق به دل و جانت اوفتد بالله کز آفتاب فلک خوبتر شوی یک دم غریق بحر خدا شو گمان مبر کز آب هفت بحر به یک موی تر شوی از پای تا سرت همه نور خدا شود در راه ذوالجلال چو بی پا و سر شوی وجه خدا اگر شودت منظر نظر زین پس شکی نماند که صاحب نظر شوی بنیاد هستی تو چو زیر و زبر شود در دل مدار هیچ که زیر و زبر شوی گر در سرت هوای وصال است حافظا باید که خاک درگه اهل هنر شوی,غزل    ۴۸۷,0,
43,146,48,374,باید از منافق دوری کنیم,صوفی بیا که خرقه سالوس برکشیم وین نقش زرق را خط بطلان به سر کشیم نذر و فتوح صومعه در وجه می‌نهیم دلق ریا به آب خرابات برکشیم فردا اگر نه روضه رضوان به ما دهند غلمان ز روضه حور ز جنت به درکشیم بیرون جهیم سرخوش و از بزم صوفیان غارت کنیم باده و شاهد به بر کشیم عشرت کنیم ور نه به حسرت کشندمان روزی که رخت جان به جهانی دگر کشیم سر خدا که در تتق غیب منزویست مستانه‌اش نقاب ز رخسار برکشیم کو جلوه‌ای ز ابروی او تا چو ماه نو گوی سپهر در خم چوگان زر کشیم حافظ نه حد ماست چنین لاف‌ها زدن پای از گلیم خویش چرا بیشتر کشیم,غزل    ۳۷۵,0,
44,149,49,479,لزوما رسیدن به چیزی که آرزو داریم به نفع ما نیست,ای که در کشتن ما هیچ مدارا نکنی سود و سرمایه بسوزی و محابا نکنی دردمندان بلا زهر هلاهل دارند قصد این قوم خطا باشد هان تا نکنی رنج ما را که توان برد به یک گوشه چشم شرط انصاف نباشد که مداوا نکنی دیده ما چو به امید تو دریاست چرا به تفرج گذری بر لب دریا نکنی نقل هر جور که از خلق کریمت کردند قول صاحب غرضان است تو آن‌ها نکنی بر تو گر جلوه کند شاهد ما ای زاهد از خدا جز می و معشوق تمنا نکنی حافظا سجده به ابروی چو محرابش بر که دعایی ز سر صدق جز آن جا نکنی,غزل    ۴۸۰,0,
45,153,1,2606,ادب یکی از صفات اخلاقی نیکو است که انسان باید داشته باشد,هست اندر غم تو دلشده دانشمندی همچو نقره ست در آتشکده دانشمندی بر امید کرم و رحمت بخشایش تو از ره دور به سر آمده دانشمندی هست ز اوباش خیالات تو اندر ره عشق خسته و شیفته و ره زده دانشمندی چه زیان دارد خوبی تو را دوست اگر قوت یابد ز چنین مایده دانشمندی با چنین جام جنونی که تو گردان کردی کی بماند به سر قاعده دانشمندی کی روا دارد انصاف و جوانمردی تو که به غم کشته شود بیهده دانشمندی کی روا دارد خورشید حق گرمی بخش که فسرده شود از مجمده دانشمندی جانب مدرسه عشق کشیدش لطفت تا ز درس تو برد فایده دانشمندی نحس تربیع عناصر بگرفتش رحمی تا منور شود از منقده دانشمندی بس سخن دارد وز بیم ملال دل تو لب ببسته ست در این معبده دانشمندی,2869,1,
46,159,4,1021,نباید براساس ظاهر افراد را قضاوت کرد,آن کس که به بندگیت آید با او تو چنین کنی نشاید ای روی تو خوب و خوی تو خوش چون تو گهری فلک نزاید روی تو و خوی تو لطیفست سر دل تو لطیف باید آن شخص که مردنیست فردا امروز چرا جفا نماید چیزی که به خود نمی پسندد آن بر دگری چه آزماید از خشم مخای هیچ کس را تا خشم خدا تو را نخاید برخیز ز قصد خون خلقان تا بر سر تو فرونیاید آن گاه قضا ز تو بگردد کان وسوسه در دلت نیاید ای گفته که مردم این چه مردیست کابلیس تو را چنین بگاید,717,1,
47,160,5,1633,باید تجارب خود را به افراد دیگر منتقل کنیم,بیا تا قدر یک دیگر بدانیم که تا ناگه ز یک دیگر نمانیم چو مومن آینه مومن یقین شد چرا با آینه ما روگرانیم کریمان جان فدای دوست کردند سگی بگذار ما هم مردمانیم فسون قل اعوذ و قل هو الله چرا در عشق همدیگر نخوانیم غرض ها تیره دارد دوستی را غرض ها را چرا از دل نرانیم گهی خوشدل شوی از من که میرم چرا مرده پرست و خصم جانیم چو بعد از مرگ خواهی آشتی کرد همه عمر از غمت در امتحانیم کنون پندار مردم آشتی کن که در تسلیم ما چون مردگانیم چو بر گورم بخواهی بوسه دادن رخم را بوسه ده کاکنون همانیم خمش کن مرده وار ای دل ازیرا به هستی متهم ما زین زبانیم,1535,0,
48,161,5,1979,باید تجارب خود را به افراد دیگر منتقل کنیم,راز چون با من نگوید یار من بند گردد پیش او گفتار من عذر می گوید که یعنی خامشم با تو می گوید دل هشیار من با کسی دیگر زبان گردد همه سر خود می گوید و اسرار من در گمان افتد دلم زین واقعه این دل ترسان بدپندار من گر بگوید ور نگوید راز من دل ندارد صبر از دلدار من,2014,2,
49,163,6,2804,تفاوت قائل شدن بین انسان‌ها درست است,حکم نو کن که شاه دورانی سکه تازه زن که سلطانی حکم مطلق تو راست در عالم حاکمان قالب اند و تو جانی آن چه شاهان به خواب می جستند چون مسلم شدت به آسانی همه مرغان چو دانه چین تواند تو همایی میان مرغانی بر سر آمد رواق دولت تو ز آن که تو صاف صاف انسانی برتر آید ز جان ملک و ملک گر دهی دل به روح حیوانی شرط ها را ز عاشقان برگیر که تو احوال شان همی دانی دام ها را ز راه شان بردار خواه تقدیر و خواه شیطانی تا شوم سرخ رو در این دعوی که تو چون حق لطیف فرمانی شمس تبریز رحمت صرفی ز آن که سر صفات رحمانی,3142,1,
50,165,7,2141,ثروت چیز خوبی است,هان ای جمال دلبر ای شاد وقت تو ما با تو بس خوشیم که خوش باد وقت تو نیکو است حال ما که نکو باد حال تو خوش باد دور چرخ کز او زاد وقت تو جان و سر تو یار که اندر دماغ ماست آن رطل های می که به ما داد وقت تو از قوت شراب به فریاد جام تو وز پرتو نشاط به فریاد وقت تو در جای می نگنجد از فخر جای تو که می کند ز عشق و فرهاد وقت تو,2241,0,
51,169,9,658,باید قدردان دارایی‌های خودمان باشیم,دل بر ما شدست دلبر ما گل ما بی حدست و شکر ما ما همیشه میان گلشکریم زان دل ما قویست در بر ما زهره دارد حوادث طبعی که بگردد بگرد لشکر ما ما به پر می پریم سوی فلک زانک عرشیست اصل جوهر ما ساکنان فلک بخور کنند از صفات خوش معنبر ما همه نسرین و ارغوان و گلست بر زمین شاهراه کشور ما نه بخندد نه بشکفد عالم بی نسیم دم منور ما ذره های هوا پذیرد روح از دم عشق روح پرور ما گوش ها گشته اند محرم غیب از زبان و دل سخنور ما شمس تبریز ابرسوز شدست سایه اش کم مباد از سر ما,249,0,
52,170,10,2497,نباید عیبی که خودمان داریم را به دیگران نسبت دهیم,نه آتش های ما را ترجمانی نه اسرار دل ما را زبانی نه محرم درد ما را هیچ آهی نه همدم آه ما را هیچ جانی نه آن گوهر که از دریا برآمد نه آن دریا که آرامد زمانی نه آن معنی که زاید هیچ حرفی نه آن حرفی که آید در بیانی معانی را زبان چون ناودان است کجا دریا رود در ناودانی جهان جان که هر جزوش جهان است نگنجد در دهان هرگز جهانی,2721,0,
53,171,10,1609,نباید عیبی که خودمان داریم را به دیگران نسبت دهیم,اگر عشقت به جای جان ندارم به زلف کافرت ایمان ندارم چو گفتی ننگ می داری ز عشقم غم عشق تو را پنهان ندارم تو می گفتی مکن در من نگاهی که من خون ها کنم تاوان ندارم من سرگشته چون فرمان نبردم از آن بر نیک و بد فرمان ندارم چو هر کس لطف می یابند از تو من بیچاره آخر جان ندارم,1510,0,
54,174,12,1460,انسان واقعی در برابر ظلم سکوت نمی‌کند,گویند شاه عشق ندارد وفا دروغ گویند صبح نبود شام تو را دروغ گویند بهر عشق تو خود را چه می کشی بعد از فنای جسم نباشد بقا دروغ گویند اشک چشم تو در عشق بیهده ست چون چشم بسته گشت نباشد لقا دروغ گویند چون ز دور زمانه برون شدیم زان سو روان نباشد این جان ما دروغ گویند آن کسان که نرستند از خیال جمله خیال بد قصص انبیا دروغ گویند آن کسان که نرفتند راه راست ره نیست بنده را به جناب خدا دروغ گویند رازدان دل اسرار و راز غیب بی واسطه نگوید مر بنده را دروغ گویند بنده را نگشایند راز دل وز لطف بنده را نبرد بر سماع دروغ گویند آن کسی که بود در سرشت خاک با اهل آسمان نشود آشنا دروغ گویند جان پاک از این آشیان خاک با پر عشق برنپرد بر هوا دروغ گویند ذره ذره بد و نیک خلق را آن آفتاب حق نرساند جزا دروغ خاموش کن ز گفت وگر گویدت کسی جز حرف و صوت نیست سخن را ادا دروغ,1299,0,
55,176,13,1609,باید بخشنده باشیم,اگر عشقت به جای جان ندارم به زلف کافرت ایمان ندارم چو گفتی ننگ می داری ز عشقم غم عشق تو را پنهان ندارم تو می گفتی مکن در من نگاهی که من خون ها کنم تاوان ندارم من سرگشته چون فرمان نبردم از آن بر نیک و بد فرمان ندارم چو هر کس لطف می یابند از تو من بیچاره آخر جان ندارم,1510,0,
56,177,13,1648,باید بخشنده باشیم,از اصل چو حورزاد باشیم شاید که همیشه شاد باشیم ما داد طرب دهیم تا ما در عشق امیرداد باشیم چون عشق بنا نهاد ما را دانی که نکونهاد باشیم در عشق توام گشاد دیده چون عشق تو باگشاد باشیم ما را چو مراد بی مرادی است پس ما همه بر مراد باشیم چون بنده بندگان عشقیم کیخسرو و کیقباد باشیم چون یوسف آن عزیز مصریم هر چند که در مزاد باشیم بر چهره یوسفی حجابی است اندر پس پرده راد باشیم خود باد حجاب را رباید ما منتظران باد باشیم ما دل به صلاح دین سپردیم تا در دل او به یاد باشیم,1551,1,
57,178,14,2797,باید حق‌جو وعدالت‌پیشه باشیم,خواهیم یارا کامشب نخسپی حق خدا را کامشب نخسپی چون سرو و سوسن تا روز روشن خوبیم و زیبا کامشب نخسپی یار موافق تا صبح صادق شاهی و مولا کامشب نخسپی ای ماه پاره همچون ستاره باشی به بالا کامشب نخسپی از حسن رویت و از لطف مویت خواهد ثریا کامشب نخسپی چون دید ما را مست تو یارا نالید سرنا کامشب نخسپی چون روز لالا دارد علالا کوری لالا کامشب نخسپی در جمع مستان با زیردستان بگریست صهبا کامشب نخسپی قومی ز خویشان گشته پریشان بهر تو تنها کامشب نخسپی,3132,0,
58,181,15,2497,کنترل نکردن زبان انسان را بی‌ارزش می‌کند.,نه آتش های ما را ترجمانی نه اسرار دل ما را زبانی نه محرم درد ما را هیچ آهی نه همدم آه ما را هیچ جانی نه آن گوهر که از دریا برآمد نه آن دریا که آرامد زمانی نه آن معنی که زاید هیچ حرفی نه آن حرفی که آید در بیانی معانی را زبان چون ناودان است کجا دریا رود در ناودانی جهان جان که هر جزوش جهان است نگنجد در دهان هرگز جهانی,2721,0,
59,183,16,1606,نباید از دیگران درخواست های متعدد داشت,همیشه من چنین مجنون نبودم ز عقل و عافیت بیرون نبودم چو تو عاقل بدم من نیز روزی چنین دیوانه و مفتون نبودم مثال دلبران صیاد بودم مثال دل میان خون نبودم در این بودم که این چون است و آن چون چنین حیران آن بی چون نبودم تو باری عاقلی بنشین بیندیش کز اول بوده ام اکنون نبودم همی جستم فزونی بر همه کس چو صید عشق روزافزون نبودم چو دود از حرص بالا می دویدم به معنی جز سوی هامون نبودم چو گنج از خاک بیرون اوفتادم که گنجی بودم و قارون نبودم,1506,0,
60,184,17,2109,آزار دیگران یکی از صفات مذموم است که باید از آن پرهیز کرد,ای سنایی عاشقان را درد باید درد کو بار جور نیکوان را مرد باید مرد کو بار جور نیکوان از دی و فردا برتر است وانما جان کسی از دی و فردا فرد کو ور خیال آید تو را کز دی و فردا برتری برتری را کار و بار و ملک و بردابرد کو در میان هفت دریا دامن تو خشک کو در میان هفت دوزخ عنصر تو سرد کو این نداری خود ولیکن گر تو این را طالبی آه سرد و اشک گرم و چهره های زرد کو هر نفس بوی دل آید از صراط المستقیم تا نگویی عشق ره رو را که راه آورد کو گرد از آن دریا برآمد گرد جسم اولیاست تا نگویی قوم موسی را در این یم گرد کو,2199,0,
61,185,17,2570,آزار دیگران یکی از صفات مذموم است که باید از آن پرهیز کرد,گر چه در مستی خسی را تو مراعاتی کنی و آنک نفی محض باشد گر چه اثباتی کنی آنک او رد دل است از بددرونی های خویش گر نفاقی پیشش آری یا که طاماتی کنی ور تو خود را از بد او کور و کر سازی دمی مدح سر زشت او یا ترک زلاتی کنی آن تکلف چند باشد آخر آن زشتی او بر سر آید تا تو بگریزی و هیهاتی کنی او به صحبت ها نشاید دور دارش ای حکیم جز که در رنجش قضاگو دفع حاجاتی کنی مر مناجات تو را با او نباشد همدم او جز برای حاجتش با حق مناجاتی کنی آن مراعات تو او را در غلط ها افکند پس ملازم گردد او وز غصه ویلاتی کنی آن طرب بگذشت او در پیش چون قولنج ماند تا گریزی از وثاق و یا که حیلاتی کنی آن کسی را باش کو در گاه رنج و خرمی هست همچون جنت و چون حور کش هاتی کنی از هواخواهان آن مخدوم شمس الدین بود شاید او را گر پرستی یا که چون لاتی کنی ور نه بگریز از دگر کس تا به تبریز صفا تا شوی مست از جمال و ذوق و حالاتی کنی,2808,1,
62,186,18,1609,نباید اندوهگین شد,اگر عشقت به جای جان ندارم به زلف کافرت ایمان ندارم چو گفتی ننگ می داری ز عشقم غم عشق تو را پنهان ندارم تو می گفتی مکن در من نگاهی که من خون ها کنم تاوان ندارم من سرگشته چون فرمان نبردم از آن بر نیک و بد فرمان ندارم چو هر کس لطف می یابند از تو من بیچاره آخر جان ندارم,1510,0,
63,189,19,1669,باید اهل یادگیری و دانش باشیم,ما عاشق و بی دل و فقیریم هم کودک و هم جوان و پیریم چون کبریتیم و هیزم خشک ما آتش عشق زو پذیریم از آتش عشق برفروزیم اما چون برق زو نمیریم ما خون جگر خوریم چون شیر چون یوز نه عاشق پنیریم گویند شما چه دست گیرید کو دست تو را که دست گیریم بر خویش پرست همچو خاریم بر دوست پرست چون حریریم عاشق که چو شمع می بسوزد او را چو فتیله ناگزیریم از ما مگریز زانک با تو آمیخته همچو شهد و شیریم تو میر شکار بی نظیری ما نیز شکار بی نظیریم در حسن تو را تنور گرم است ما را بربند ما خمیریم ما را به قدوم خویش درباف زیر قدم تو چون حصیریم,1573,0,
64,193,21,1842,آخرت را بر دنیا باید ترجیح داد,کافرم ار در دو جهان عشق بود خوشتر از این دیده ایمان شود ار نوش کند کافر از این عشق بود کان هنر عشق بود معدن زر دوست شود جلوه از آن پوست شود پرزر از این عشق چو بگشاید لب بوی دهد بوی عجب مشک شده مست از او گشته خجل عنبر از این عشق بود خوب جهان مادر خوبان شهان خاک شود گوهر از آن فخر کند مادر از این,1819,0,
65,194,22,737,میزان موفقیت به اندازه میزان رنج و تلاش است,مبر رنج ای برادر خواجه سختست به وقت داد و بخشش شوربختست اگر چه باغ را نیمی گرفته ست ولیکن سخت بی میوه درختست گشاده ابروست و بسته کیسه مشو غره که او را سیم و رختست دو دستش را به تخته دوختستند چه سود ار خواجه بر بالای تختست وجودش گر چه یک پاره ست چون کوه سخااش مرده است و لخت لختست,349,2,
66,195,22,2515,میزان موفقیت به اندازه میزان رنج و تلاش است,روز طرب است و سال شادی کامروز به کوی ما فتادی تاریکی غم تمام برخاست چون شمع در این میان نهادی اندیشه و غم چه پای دارد با آن قدح وفا که دادی ای باده تو از کدام مشکی وی مه به کدام ماه زادی مستی و خوشی و شادکامی سلطان دلی و کیقبادی و آن عقل که کدخدای غم بود از ما ستدی به اوستادی شاباش که پای غم ببستی صد گونه در طرب گشادی,2744,1,
67,202,26,2697,انسان نباید فخر فروشی داشته باشد.,جان خاک آن مهی که خداش است مشتری آن کس ملک ندید و نه انسان و نی پری چون از خودی برون شد او آدمی نماند او راست چشم روشن و گوش پیمبری تا آدمی است آدمی و تا ملک ملک بسته ست چشم هر دو از آن جان و دلبری عالم به حکم او است مر او را چه فخر از این چون آن او است خالق عالم به یک سوی بحری که کمترین شبه را گوهری کند حاشا از او که لاف برآرد ز گوهری آن ذره است لایق رقص چنان شعاع کو گشت از هزار چو خورشید و مه بری آن ذره ای که گر قدمش بوسد آفتاب خود ننگرد به تابش او جز که سرسری بنما مها به کوری خورشید تابشی تا زین سپس زنخ نزند از منوری درتاب شاه و مفخر تبریز شمس دین تا هر دو کون پر شود از نور داوری,2990,2,
68,203,26,1021,انسان نباید فخر فروشی داشته باشد.,آن کس که به بندگیت آید با او تو چنین کنی نشاید ای روی تو خوب و خوی تو خوش چون تو گهری فلک نزاید روی تو و خوی تو لطیفست سر دل تو لطیف باید آن شخص که مردنیست فردا امروز چرا جفا نماید چیزی که به خود نمی پسندد آن بر دگری چه آزماید از خشم مخای هیچ کس را تا خشم خدا تو را نخاید برخیز ز قصد خون خلقان تا بر سر تو فرونیاید آن گاه قضا ز تو بگردد کان وسوسه در دلت نیاید ای گفته که مردم این چه مردیست کابلیس تو را چنین بگاید,717,0,
69,206,28,1675,باید شکرگزار باشیم,ما آب دریم ما چه دانیم چه شور و شریم ما چه دانیم هر دم ز شراب بی نشانی خود مستتریم ما چه دانیم تا گوهر حسن تو بدیدیم رخ همچو زریم ما چه دانیم تا عشق تو پای ما گرفته ست بی پا و سریم ما چه دانیم خشک و تر ما همه تویی تو خوش خشک و تریم ما چه دانیم سرحلقه زلف تو گرفتیم خوش می شمریم ما چه دانیم گر زیر و زبر شود دو عالم زیر و زبریم ما چه دانیم گر سبزه و باغ خشک گردد ما از تو چریم ما چه دانیم گلزار اگر همه بریزد گل از تو بریم ما چه دانیم گر چرخ هزار مه نماید در تو نگریم ما چه دانیم گر زانک شکر جهان بگیرد ما باده خوریم ما چه دانیم شمس تبریز ز آفتابت همچون قمریم ما چه دانیم,1579,0,
70,213,31,1632,باید خطاهای دیگران را ببخشیم,بیا ما چند کس با هم بسازیم چو شادی کم شود با غم بسازیم بیا تا با خدا خلوت گزینیم چو عیسی با چنین مریم بسازیم گر از فرزند آدم کس نماند چه غم داریم با آدم بسازیم ور آدم نیز از ما گوشه گیرد به جان تو که بی او هم بسازیم یکی جانی است ما را شادی انگیز که گر ویران شود عالم بسازیم اگر دریا شود آتش بنوشیم وگر زخمی رسد مرهم بسازیم به پیش کعبه رویش بمیریم بدان چاه و بدان زمزم بسازیم,1534,2,
71,214,32,1281,باید کم گویی کرد,گفتی که زیان کنی زیان گیر گفتی که تو ملحدی چنان گیر گفتی که تو روبهی نه ای شیر ما را سقط همه سگان گیر گفتی که ز دل خبر نداری ای مونس دل مرا زبان گیر,1059,2,
72,223,36,1415,باید اهل یاری کردن یکدیگر بود,ای سنایی گر نیابی یار یار خویش باش در جهان هر مرد و کاری مرد کار خویش باش هر یکی زین کاروان مر رخت خود را رهزنند خویشتن را پس نشان و پیش بار خویش باش حس فانی می دهند و عشق فانی می خرند زین دو جوی خشک بگذر جویبار خویش باش می کشندت دست دست این دوستان تا نیستی دست دزد از دستشان و دستیار خویش باش این نگاران نقش پرده آن نگاران دلند پرده را بردار و دررو با نگار خویش باش با نگار خویش باش و خوب خوب اندیش باش از دو عالم بیش باش و در دیار خویش باش رو مکن مستی از آن خمری کز او زاید غرور غره آن روی بین و هوشیار خویش باش,1244,1,
73,224,37,1650,باید در هنگام پیمان بستن دقت کنیم,ما صحبت همدگر گزینیم بر دامن همدگر نشینیم یاران همه پیشتر نشینید تا چهره همدگر ببینیم ما را ز درون موافقت هاست تا ظن نبری که ما همینیم این دم که نشسته ایم با هم می بر کف و گل در آستینیم از عین به غیب راه داریم زیرا همراه پیک دینیم از خانه به باغ راه داریم همسایه سرو و یاسمینیم هر روز به باغ اندرآییم گل های شکفته صد ببینیم وز بهر نثار عاشقان را دامن دامن ز گل بچینیم از باغ هر آنچ جمع کردیم در پیش نهیم و برگزینیم از ما دل خویش درمدزدید ما دزد نه ایم ما امینیم اینک دم ما نسیم آن گل ما گلبن گلشن یقینیم عالم پر شد نسیم آن گل یعنی که بیا که ما چنینیم بومان ببرد چو بوی بردیم مه مان کند ار چه ما کهینیم هر چند کمین غلام عشقیم چون عشق نشسته در کمینیم,1553,-1,
74,226,38,2814,در انتخاب دوست باید دقت کنیم,در غم یار، یار بایستی یا غمم را کنار بایستی زانچ کردم کنون پشیمانم دل امسال پار بایستی دل من شیر بیشه را ماند شیر در مرغزار بایستی تا بدانستیی ز دشمن و دوست زندگانی دو بار بایستی دشمن عیب جوی بسیارست دوستی غمگسار بایستی ماهی جان ما که پیچانست بر لب جویبار بایستی چون رضای دل تو در غم ماست یک چه باشد؟ هزار بایستی یار لاحول گوی را چه کنم یار شیرین عذار بایستی خوک دنیاست صید این خامان آهوی جان شکار بایستی همره بی وفا همی لنگد همره راهوار بایستی صد هزاران سخن نهان دارم گوش را گوشوار بایستی,3156,2,
75,227,38,815,در انتخاب دوست باید دقت کنیم,بر عاشقان فریضه بود جست و جوی دوست بر روی و سر چو سیل دوان تا بجوی دوست خود اوست جمله طالب و ما همچو سایه ها ای گفت و گوی ما همگی گفت و گوی دوست گاهی به جوی دوست چو آب روان خوشیم گاهی چو آب حبس شدم در سبوی دوست گه چون حویج دیگ بجوشیم و او به فکر کفگیر می زند که چنینست خوی دوست بر گوش ما نهاده دهان او به دمدمه تا جان ما بگیرد یک باره بوی دوست چون جان جان وی آمد از وی گزیر نیست من در جهان ندیدم یک جان عدوی دوست بگدازدت ز ناز و چو مویت کند ضعیف ندهی به هر دو عالم یکتای موی دوست با دوست ما نشسته که ای دوست دوست کو کو کو همی زنیم ز مستی به کوی دوست تصویرهای ناخوش و اندیشه رکیک از طبع سست باشد و این نیست سوی دوست خاموش باش تا صفت خویش خود کند کو های های سرد تو کو های هوی دوست,442,-1,
76,229,39,2065,باید وفای به عهد داشته باشیم,نحن الی سیدنا راجعون طیبه النفس به طایعون سیدنا یصبح یبتا عنا انفسنا نحن له بایعون یفسد ان جاع الی موکل نحن الی نظرته جایعون سوف تلاقیه به میعاده تحسب انا ابدا ضایعون,2129,2,
77,231,40,1205,باید سعی کنیم نیکو عمل کنیم,دیده ها شب فراز باید کرد روز شد دیده باز باید کرد ترک ما هر طرف که مرکب راند آن طرف ترک تاز باید کرد مطبخ جان به سوی بی سوییست پوز آن سو دراز باید کرد چون چنین کان زر پدید آمد خویش را جمله گاز باید کرد جامه عمر را ز آب حیات چون خضر خوش طراز باید کرد چون غیورست آن نبات حیات زین شکر احتراز باید کرد چون چنین نازنین به خانه ماست وقت نازست ناز باید کرد با گل و خار ساختن مردیست مرد را ساز ساز باید کرد قبله روی او چو پیدا شد کعبه ها را نماز باید کرد سجده هایی که آن سری باشد پیش آن سرفراز باید کرد پیش آن عشق عاقبت محمود خویشتن را ایاز باید کرد چون حقیقت نهفته در خمشیست ترک گفت مجاز باید کرد,970,1,
78,232,41,1606,صبر یکی از صفات خردمندان است,همیشه من چنین مجنون نبودم ز عقل و عافیت بیرون نبودم چو تو عاقل بدم من نیز روزی چنین دیوانه و مفتون نبودم مثال دلبران صیاد بودم مثال دل میان خون نبودم در این بودم که این چون است و آن چون چنین حیران آن بی چون نبودم تو باری عاقلی بنشین بیندیش کز اول بوده ام اکنون نبودم همی جستم فزونی بر همه کس چو صید عشق روزافزون نبودم چو دود از حرص بالا می دویدم به معنی جز سوی هامون نبودم چو گنج از خاک بیرون اوفتادم که گنجی بودم و قارون نبودم,1506,0,
79,233,41,2606,صبر یکی از صفات خردمندان است,هست اندر غم تو دلشده دانشمندی همچو نقره ست در آتشکده دانشمندی بر امید کرم و رحمت بخشایش تو از ره دور به سر آمده دانشمندی هست ز اوباش خیالات تو اندر ره عشق خسته و شیفته و ره زده دانشمندی چه زیان دارد خوبی تو را دوست اگر قوت یابد ز چنین مایده دانشمندی با چنین جام جنونی که تو گردان کردی کی بماند به سر قاعده دانشمندی کی روا دارد انصاف و جوانمردی تو که به غم کشته شود بیهده دانشمندی کی روا دارد خورشید حق گرمی بخش که فسرده شود از مجمده دانشمندی جانب مدرسه عشق کشیدش لطفت تا ز درس تو برد فایده دانشمندی نحس تربیع عناصر بگرفتش رحمی تا منور شود از منقده دانشمندی بس سخن دارد وز بیم ملال دل تو لب ببسته ست در این معبده دانشمندی,2869,0,
80,234,42,832,باید سختی‌ها را تحمل کرد,پیش چنین ماه رو گیج شدن واجبست عشرت پروانه را شمع و لگن واجبست هست ز چنگ غمش گوش مرا کش مکش هر دمم از چنگ او تن تننن واجبست دلو دو چشم مرا گر چه که کم نیست آب مردمک دیده را چاه ذقن واجبست دلبر چون ماه را هر چه کند می رسد عاشق درگاه را خلق حسن واجبست طره خویش ای نگار خوش به کف من سپار هر که در این چه فتاد داد رسن واجبست عشق که شهر خوشیست این همه اغیار چیست حفظ چنین شهر را برج و بدن واجبست غمزه دزدیده را شحنه غم در پیست روشنی دیده را خوب ختن واجبست عاشق عیسی نه ای بی خور و خر کی زیی کالبد مرده را گور و کفن واجبست مریم جان را مخاض برد به نخل و ریاض منقطع درد را نزل وطن واجبست نزل دل بارکش هست ملاقات خوش ناقه پرفاقه را شرب و عطن واجبست لطف کن ای کان قند راه دهانم ببند اشتر سرمست را بند دهن واجبست,471,2,
81,239,44,1648,باید خسیس باشیم,از اصل چو حورزاد باشیم شاید که همیشه شاد باشیم ما داد طرب دهیم تا ما در عشق امیرداد باشیم چون عشق بنا نهاد ما را دانی که نکونهاد باشیم در عشق توام گشاد دیده چون عشق تو باگشاد باشیم ما را چو مراد بی مرادی است پس ما همه بر مراد باشیم چون بنده بندگان عشقیم کیخسرو و کیقباد باشیم چون یوسف آن عزیز مصریم هر چند که در مزاد باشیم بر چهره یوسفی حجابی است اندر پس پرده راد باشیم خود باد حجاب را رباید ما منتظران باد باشیم ما دل به صلاح دین سپردیم تا در دل او به یاد باشیم,1551,-2,
82,244,47,1702,هرکاری را می‌توان انجام داد به جز تغییر عادت‌ها,بت بی نقش و نگارم جز تو یار ندارم تویی آرام دل من مبر ای دوست قرارم ز جفای تو حزینم جز عشقت نگزینم هوسی نیست جز اینم جز از این کار ندارم تو به رخسار چو ماهی چه لطیفی و چه شاهی تو مرا پشت و پناهی ز تو آراسته کارم جز عشقت نپذیرم جز زلف تو نگیرم که در این عهد چو تیرم که بر این چنگ چو تارم تن ما را همه جان کن همه را گوهر کان کن ز طرب چشمه روان کن به سوی باغ و بهارم,1617,-1,
83,251,0,3229,باید حقوق دیگران را رعایت کنیم,We accept the love we think we deserve,,0,
84,254,2,3285,ما باید از غیبت کردن پرهیز کنیم,We read to know we're not alone,,1,
85,263,6,4814,تفاوت قائل شدن بین انسان‌ها درست است,One person's craziness is another person's reality,,1,
86,266,8,4395,باید قبل از سخن گفتن فکر کرد.,"Children must be taught how to think, not what to think",,1,
87,267,8,3671,باید قبل از سخن گفتن فکر کرد.,Think before you speak. Read before you think,,2,
88,268,9,3229,باید قدردان دارایی‌های خودمان باشیم,We accept the love we think we deserve,,2,
89,270,10,4295,نباید عیبی که خودمان داریم را به دیگران نسبت دهیم,If you do not tell the truth about yourself you cannot tell it about other people,,1,
90,274,12,3384,انسان واقعی در برابر ظلم سکوت نمی‌کند,Never tell the truth to people who are not worthy of it,,0,
91,275,12,4998,انسان واقعی در برابر ظلم سکوت نمی‌کند,Most men would rather deny a hard truth than face it,,-1,
92,277,13,4745,باید بخشنده باشیم,I must have loved you a lot,,2,
93,278,14,4164,باید حق‌جو وعدالت‌پیشه باشیم,We have to continually be jumping off cliffs and developing our wings on the way down,,1,
94,282,16,4956,نباید از دیگران درخواست های متعدد داشت,Don't cry over someone who wouldn't cry over you,,0,
95,283,16,3406,نباید از دیگران درخواست های متعدد داشت,You can never be overdressed or overeducated,,1,
96,288,19,4395,باید اهل یادگیری و دانش باشیم,"Children must be taught how to think, not what to think",,1,
97,290,20,5162,باید مهربان بود,I just want to be wonderful,,0,
98,292,21,4207,آخرت را بر دنیا باید ترجیح داد,The world was hers for the reading,,0,
99,293,21,5092,آخرت را بر دنیا باید ترجیح داد,Maybe this world is another planet s hell,,1,