,output_text,vector,output_data_source,index
0,"یک پند ز من بشنو خواهی نشوی رسوا	من خمره افیونم زنهار سرم مگشا
آتش به من اندرزن آتش چه زند با من	کاندر فلک افکندم صد آتش و صد غوغا
گر چرخ همه سر شد ور خاک همه پا شد	نی سر بهلم آن را نی پا بهلم این را
یا صافیه الخمر فی آنیه المولی	اسکر نفرا لدا و السکر بنا اولی",[[0.00104446 0.00232026 0.00911014 ... 0.00968178 0.00494524 0.02312137]],غزلیات مولوی,89
1,"به برج دل رسیدی بیست این جا	چو آن مه را بدیدی بیست این جا
بسی این رخت خود را هر نواحی	ز نادانی کشیدی بیست این جا
بشد عمری و از خوبی آن مه	به هر نوعی شنیدی بیست این جا
ببین آن حسن را کز دیدن او	بدید و نابدیدی بیست این جا
به سینه تو که آن پستان شیرست	که از شیرش چشیدی بیست این جا","[[ 0.01676868  0.00090808  0.00301191 ... -0.00018915  0.00188658
   0.02008759]]",غزلیات مولوی,108
2,"ای بروییده به ناخواست به مانند گیا	چون تو را نیست نمک خواه برو خواه بیا
هر که را نیست نمک گر چه نماید خدمت	خدمت او به حقیقت همه زرقست و ریا
برو ای غصه دمی زحمت خود کوته کن	باده عشق بیا زود که جانت بزیا",[[0.00953661 0.00284536 0.00209986 ... 0.00502314 0.01267943 0.02064781]],غزلیات مولوی,168
3,"از یکی آتش برآوردم تو را	در دگر آتش بگستردم تو را
از دل من زاده ای همچون سخن	چون سخن آخر فروخوردم تو را
با منی وز من نمی داری خبر	جادوم من جادوی کردم تو را
تا نیفتد بر جمالت چشم بد	گوش مالیدم بیازردم تو را
دایم اقبالت جوان شد ز آنچ داد	این کف دست جوامردم تو را",[[0.01329381 0.00408318 0.00186628 ... 0.00662662 0.0036941  0.02921162]],غزلیات مولوی,173
4,"ز آتش شهوت برآوردم تو را	و اندر آتش بازگستردم تو را
از دل من زاده ای همچون سخن	چون سخن من هم فروخوردم تو را
با منی وز من نمی دانی خبر	چشم بستم جادوی کردم تو را
تا نیازارد تو را هر چشم بد	از برای آن بیازردم تو را
رو جوامردی کن و رحمت فشان	من به رحمت بس جوامردم تو را","[[-3.4866112e-04 -5.2102678e-08 -9.9761951e-07 ...  5.5357604e-04
  -1.0419036e-04 -2.4354480e-04]]",غزلیات مولوی,174
5,"دل چو دانه ما مثال آسیا	آسیا کی داند این گردش چرا
تن چو سنگ و آب او اندیشه ها	سنگ گوید آب داند ماجرا
آب گوید آسیابان را بپرس	کو فکند اندر نشیب این آب را
آسیابان گویدت کای نان خوار	گر نگردد این که باشد نانبا
ماجرا بسیار خواهد شد خمش	از خدا واپرس تا گوید تو را","[[ 1.8500195e-05 -4.2023732e-08 -2.0021848e-06 ...  8.8737236e-04
  -2.0972459e-05 -1.6088012e-04]]",غزلیات مولوی,181
6,"من رسیدم به لب جوی وفا	دیدم آن جا صنمی روح فزا
سپه او همه خورشیدپرست	همچو خورشید همه بی سر و پا
بشنو از آیت قرآن مجید	گر تو باور نکنی قول مرا
قد وجدت امراه تملکهم	اوتیت من کل شی ء و لها
چونک خورشید نمودی رخ خود	سجده دادیش چو سایه همه را
من چو هدهد بپریدم به هوا	تا رسیدم به در شهر سبا",[[0.01453936 0.00357628 0.00618314 ... 0.01814502 0.00274633 0.02592418]],غزلیات مولوی,184
7,"ای در ما را زده شمع سرایی درآ	خانه دل آن توست خانه خدایی درآ
خانه ز تو تافته ست روشنیی یافته ست	ای دل و جان جای تو ای تو کجایی درآ
ای صنم خانگی مایه دیوانگی	ای همه خوبی تو را پس تو کرایی درآ","[[ 2.2550144e-04 -4.1107810e-09 -4.8333068e-06 ...  1.7715797e-04
  -4.7966707e-05 -2.7250178e-04]]",غزلیات مولوی,209
8,"هله ای کیا نفسی بیا	در عیش را سره برگشا
این فلان چه شد آن فلان چه شد	نبود مرا سر ماجرا
نهلد کسی سر زلف او	نرهد دلی ز چنین لقا
نکند کسی ز خوشی سفر	نرود کسی ز چنین سرا
بهل این همه بده آن قدح	که شنیده ام کرم شما
قدحی که آن پر دل شود	بپرد دلم به سوی سما
خمش این نفس دم دل مزن	که فدای تو دل و جان ما","[[ 2.5243698e-05 -1.0655883e-08 -1.8464643e-06 ...  1.7270641e-04
  -4.4291712e-05  8.2067403e-05]]",غزلیات مولوی,238
9,"خیک دل ما مشک تن ما	خوش نازکنان بر پشت سقا
از چشمه جان پر کرد شکم	کای تشنه بیا ای تشنه بیا
سقا پنهان وان مشک عیان	لیکن نبود از مشک جدا
گر رقص کند آن شیر علم	رقصش نبود جز رقص هوا

دورم ز نظر فعلم بنگر	تا بوی بود بر عود گوا
از بوی تو جان قانع نشود	ای چشمه جان ای چشم رضا","[[-1.5914805e-04  1.9636730e-04 -1.1042110e-03 ... -4.8726339e-05
  -1.2508070e-04  1.6355278e-02]]",غزلیات مولوی,242
10,"بانگ تسبیح بشنو از بالا	پس تو هم سبح اسمه الاعلی
گل و سنبل چرد دلت چون یافت	مرغزاری که اخرج المرعی
یعلم الجهر نقش این آهوست	ناف مشکین او و مایخفی
نفس آهوان او چو رسید	روح را سوی مرغزار هدی
تشنه را کی بود فراموشی	چون سنقرئک فلا تنسی","[[-7.1474678e-05  3.2367891e-05 -7.7693167e-06 ...  2.1561972e-04
  -9.7298442e-05  4.0939834e-04]]",غزلیات مولوی,247
11,"تعالوا کلنا ذا الیوم سکری	باقداح تخامرنا و تتری
سقانا ربنا کاسا دهاقا	فشکرا ثم شکرا ثم شکرا
تعالوا ان هذا یوم عید	تجلی فیه ما ترجون جهرا
طوارق زرننا و اللیل ساجی	فما ابقین فی التضییق صدرا
ز کف هر یکی دریای بخشش	نثرن جواهرا جما و وفرا",[[0.00869611 0.00422909 0.00762669 ... 0.01089932 0.00864037 0.01515856]],غزلیات مولوی,271
12,"جاء الربیع مفتخرا فی جوارنا	جاء الحبیب مبتسما وسط دارنا
طیبوا و اکرموا و تعالوا التشربوا	عند الحبیب مبتشرا فی عقارنا
من رام مغنما و تصدی جواهرا	فلیلزم الجواری وسط بحارنا",[[0.00322693 0.00456476 0.01121149 ... 0.03541389 0.00614955 0.02249585]],غزلیات مولوی,283
13,"اخی رایت جمالا سبا القلوب سبا	و هل اتیک حدیث جلا العقول جلا
الست من یتمنی الخلود فی طرب	الا انتبه و تیقظ فقد اتاک اتی
یقر عینک بدر و فی جبینته	سعاده و مرام و عزه و سنا
و سکره لفوادی من شمائله	کانها ملات کاسنا و اسقانا
عجائب ظهرت بین صفو غرته	تلالات لسناه بمهجتی و صفا","[[ 5.9634335e-03 -4.2650074e-05  8.4800023e-04 ...  4.9841222e-03
   4.2054290e-03  2.0633731e-02]]",غزلیات مولوی,284
14,"اتاک عید وصال فلا تذق حزنا	و نلت خیر ریاض فنعم ما سکنا
و زال عنک فراق امر من صبر	و محنه فتنتنا و خاب من فتنا
فهز غصن سعود و کل جنا شجر	فقر عینک منه و نعم ذاک جنا
فطب تجوت من اصحاب قریه ظلمت	و نال قلبک منهم شقاوه و عنا","[[5.6842895e-04 1.2706054e-03 2.0352920e-05 ... 1.3094291e-02
  1.0300547e-02 1.5951009e-02]]",غزلیات مولوی,285
15,"یا من بنا قصر الکمال مشیدا	لا زال سعدا بالسعود مویدا
هز القلوب و ردها بصدوده	فغدا دماء العاشقین مبددا
یا ساکنین محال العشق فی قلق	تظنون ان العشق یترککم سدا
لا و الذی حاز الملاحه و البها	و لم یبق للعشاق حیلا و لا یدا
و ذلک شمس الدین مولا و سیدا	و تبریز منه کالفرادیس قد غدا",[[0.00292601 0.01737136 0.00310019 ... 0.01828588 0.01436307 0.01165995]],غزلیات مولوی,286
16,"ورد البشیر مبشرا ببشاره	احیی الفواد عشیه بورودها
فکان ارضا نورت بربیعها	فکان شمسا اشرقت بخدودها
یا طاعنی فی صبوتی و تهتکی	انظر الی نار الهوی و وقودها",[[0.00367871 0.0051058  0.00191004 ... 0.01550441 0.00476178 0.02783779]],غزلیات مولوی,287
17,"یا مخجل البدر اشرقنا بلالا	یا ساقی الروح اسکرنا بصهبا
لا تبخلن و اوفر راحنا مددا	حتی تنادم فی اخذ و اعطا
دعنا ینافس فی الصهباء من سکر	بالسکر یذهل عن وصف و اسما
خوابی الغیب قد املاتها مددا	راحا یطهر عن شح و شحنا",[[0.00384396 0.01155133 0.00594472 ... 0.00876704 0.00737817 0.03167018]],غزلیات مولوی,289
18,"مهمان توام ای جان زنهار مخسب امشب	ای جان و دل مهمان زنهار مخسب امشب
روی تو چو بدر آمد امشب شب قدر آمد	ای شاه همه خوبان زنهار مخسب امشب
ای سرو دو صد بستان آرام دل مستان	بردی دل و جان بستان زنهار مخسب امشب
ای باغ خوش خندان بی تو دو جهان زندان	آنی تو و صد چندان زنهار مخسب امشب","[[ 7.5049135e-03 -3.3094350e-06  2.6334429e-03 ...  7.3270509e-03
   4.9044327e-03  1.0090699e-02]]",غزلیات مولوی,293
19,"زشت کسی کو نشد مسخره یار خوب	دست نگر پا نگر دست بزن پا بکوب
مسخره باد گشت هر چه درختست و کشت	و آنچ کشد سر ز باد خار بود خشک و چوب
هر چه ز اجزای تو رو ننهد سر کشد	پای بزن بر سرش هین سر و پایش بکوب
چونک نخواهی رهید از دم هر گول گیر	خاک کسی شو کز او چاره ندارد قلوب","[[ 6.6534412e-04 -5.5462304e-05  5.0126575e-03 ...  6.6919816e-03
   1.1483804e-02  2.7049335e-02]]",غزلیات مولوی,311
20,"شنیدم مر مرا لطفت دعا گفت	برای بنده خود لطف ها گفت
چه گویم من مکافات تو ای جان	که نیکی تو را جانا خدا گفت
ولیکن جان این کمتر دعاگو	همه شب روی ماهت را دعا گفت",[[0.0036464  0.00622357 0.00198872 ... 0.01604512 0.02183349 0.01359202]],غزلیات مولوی,346
21,"مبر رنج ای برادر خواجه سختست	به وقت داد و بخشش شوربختست
اگر چه باغ را نیمی گرفته ست	ولیکن سخت بی میوه درختست
گشاده ابروست و بسته کیسه	مشو غره که او را سیم و رختست
دو دستش را به تخته دوختستند	چه سود ار خواجه بر بالای تختست
وجودش گر چه یک پاره ست چون کوه	سخااش مرده است و لخت لختست","[[-2.0775641e-04  2.3748649e-05 -3.3204258e-06 ...  7.0859787e-05
  -2.6694561e-05 -3.0249985e-05]]",غزلیات مولوی,349
22,"چو آن کان کرم ما را شکارست	به هر دم هدیه ما را ده هزارست
که ما را نردبان زرین و سیمین	نهد چون قصد ما بر بام یارست
بلادری ست در عالم نهانی	که بر ما گنج و بر بیگانه مارست
به پیش ما خزینه سیم مشمر	که ما را زر و سیم بی شمارست
ز پروانه اگر این افترا بود	دو صد چندین ز دست شهریارست","[[1.1471794e-02 7.2136303e-05 3.0287602e-03 ... 2.9199123e-02
  7.5455629e-03 2.6674321e-02]]",غزلیات مولوی,357
23,"چنان کاین دل از آن دلدار مستست	ز خوف صاف ما آن یار مستست
خمارش نشکنم الا به خونم	از این شادی دل غمخوار مستست
شفق وارم به هر صبحی به خون در	که در هر صبح آن خون خوار مستست
مده پند و مبر خونم به گردن	که چشم دلبر کین دار مستست
چرا این خاک همچون طشت خون ست	که چشم ساقی اسرار مستست","[[ 0.00123319  0.01391344 -0.00038441 ...  0.00648233  0.01354812
   0.03081273]]",غزلیات مولوی,363
24,"ای از کرم تو کار ما راست	هر جای که خرمی ست ما راست
عاشق به جهان چه غصه دارد	تا جام شراب وصل برجاست
هر باد چغانه ای گرفته	کو منتظر اشارت ماست
هر آب چو پرده دار گشته	اندر پس پرده طرفه بت هاست
هر بلبل مست بر نهالی	ماننده راح روح افزاست
بسیار مگو که وقت آش است	چون گرسنگی قوم شش تاست","[[ 9.65652998e-06 -1.21291235e-08 -5.07060406e-07 ...  1.92490726e-04
  -1.98213020e-05 -1.42062127e-04]]",غزلیات مولوی,382
25,"من پری زاده ام و خواب ندانم که کجا است	چونک شب گشت نخسپند که شب نوبت ما است
چون دماغ است و سر استت مکن استیزه بخسب	دخل و خرج است چنین شیوه و تدبیر سزا است
خرج بی دخل خدایی است ز دنیا مطلب	هر که را هست زهی بخت ندانم که که را است","[[ 0.00174022  0.00145528 -0.00051369 ...  0.00505366 -0.00111713
   0.02455969]]",غزلیات مولوی,417
26,"گم شدن در گم شدن دین منست	نیستی در هست آیین منست
تا پیاده می روم در کوی دوست	سبز خنگ چرخ در زین منست
چون به یک دم صد جهان واپس کنم	بنگرم گام نخستین منست
من چرا گرد جهان گردم چو دوست	در میان جان شیرین منست
شمس تبریزی که فخر اولیاست	سین دندان هاش یاسین منست",[[0.00573056 0.00451902 0.00173503 ... 0.02871575 0.00095143 0.01485764]],غزلیات مولوی,430
27,"عشوه دشمن بخوردی عاقبت	سوی هجران عزم کردی عاقبت
بازگردی زان خسان زن صفت	سوی این مردان چو مردی عاقبت
سیر گردی زان همه جفتان تو زود	چونک فرد فرد فردی عاقبت
چون گل زردی ز عشق لاله ای	لاله گردی گر چه زردی عاقبت
چونک خاک شمس تبریزی شدی	نور سقفی لاجوردی عاقبت","[[1.3231991e-02 6.3636857e-05 9.4696175e-04 ... 1.5588687e-02
  1.3253312e-02 2.3316132e-02]]",غزلیات مولوی,431
28,"در این سلام مرا با تو دار و گیر جداست	دمی عظیم نهان ست و در حجاب خداست
ز چنگ سخت عجیب ست آن ترنگ ترنگ	چه هاست نعره برآورده کان چه هاست چه هاست
شراب لعل بیاورد شاه کاین رکنی ست	خمش که وقت جنون و نه وقت کشف غطاست","[[ 0.01384396  0.00614623 -0.00022233 ...  0.0066686  -0.00060574
   0.0256811 ]]",غزلیات مولوی,488
29,"نفسی بهوی الحبیب فارت	لما رات الکوس دارت
مدت یدها الی رحیق	و النفس بنوره استنارت
لما شربته نفس و ترا	خفت و تصاعدت و طارت
لاقت قمرا اذا تجلی	الشمس من الحیا توارت
جادت بالروح حین لاقت	لا التفتت و لا استشارت",[[0.00187251 0.00471456 0.00502214 ... 0.01245872 0.00588122 0.01651093]],غزلیات مولوی,518
30,"ای مبارک ز تو صبوح و صباح	ای مظفر فر از تو قلب و جناح
ای شراب طهور از کف حور	بر حریفان مجلس تو مباح
ای گشاده هزار در بر ما	وی بداده به دست ما مفتاح
وانمودی هر آنچ می گویند	موذنان صبح فالق الاصباح
هرچ دادی عوض نمی خواهی	گر چه گفتند السماح رباح","[[ 7.9039363e-03 -3.8136342e-05  7.9557775e-03 ...  6.0296869e-03
   1.0713331e-02  2.1761658e-02]]",غزلیات مولوی,520
31,"سجده کنم پیشکش آن قد و بالا چه شود	دیده کنم پیشکش آن دل بینا چه شود
باده او را نخورم ور نخورم پس کی خورد	گر بخورم نقد و نیندیشم فردا چه شود
باده او همدل من بام فلک منزل من	گر بگشایم پر خود برپرم آن جا چه شود
دل نشناسم چه بود جان و بدن تا برود	غم نخورم غم نخورم غم نخورم تا چه شود",[[0.00021139 0.00509384 0.00395518 ... 0.00486585 0.00566777 0.00658902]],غزلیات مولوی,547
32,"یکی گولی همی خواهم که در دلبر نظر دارد	نمی خواهم هنرمندی که دیده در هنر دارد
دلی همچون صدف خواهم که در جان گیرد آن گوهر	دل سنگین نمی خواهم که پندار گهر دارد
ز خودبینی جدا گشته پر از عشق خدا گشته	ز مالش های غم غافل به مالنده عبر دارد","[[ 4.8845457e-03 -5.7281708e-05  6.9776754e-04 ...  3.6312346e-03
   8.1543317e-03  3.9101027e-02]]",غزلیات مولوی,584
33,"گر ماه شب افروزان روپوش روا دارد	گیرم که بپوشد رو بو را چه دوا دارد
گر نیز بپوشد رو ور نیز ببرد بو	از خنبش روحانی صد گونه گوا دارد
آن مه چو گریزانه آید سپس خانه	لیکن دل دیوانه صد گونه دغا دارد
غم گر چه بود دشمن گوید سر او با من	با مرغ دلم گوید کو دام کجا دارد",[[0.01010422 0.02803238 0.00375551 ... 0.01715234 0.00387077 0.0195997 ]],غزلیات مولوی,625
34,"هر نکته که از زهر اجل تلختر آید	آن را چو بگوید لب تو چون شکر آید
در چاه زنخدان تو هر جان که وطن ساخت	زود از رسن زلف تو بر چرخ برآید
هین توشه ده از خوشه ابروی ظریفت	زان پیش که جان را ز تو وقت سفر آید
از دعوت و آواز خوشت بوی دل آید	لبیک زنم نفخه خون جگر آید","[[-3.5784593e-05 -6.7488735e-09 -3.6875306e-07 ...  9.1262409e-05
  -4.6926885e-05 -1.4477824e-04]]",غزلیات مولوی,654
35,"گر یک سر موی از رخ تو روی نماید	بر روی زمین خرقه و زنار نماند
آن را که دمی روی نمایی ز دو عالم	آن سوخته را جز غم تو کار نماند
گر برفکنی پرده از آن چهره زیبا	از چهره خورشید و مه آثار نماند
در خواب کنی سوختگان را ز می عشق	تا جز تو کسی محرم اسرار نماند","[[-5.2597279e-05  5.2751193e-04 -4.8144318e-07 ... -3.2178581e-05
  -6.8623951e-05 -6.7823974e-05]]",غزلیات مولوی,657
36,"پریر آن چهره یارم چه خوش بود	عتاب و ناز دلدارم چه خوش بود
به یادم نیست هیچ آن ماجراها	ولیکن زین خبر دارم چه خوش بود
در آن بزم و در آن جمع و در آن عیش	میان باغ و گلزارم چه خوش بود
اگر چه مست جام عشق بودم	رخ معشوق هشیارم چه خوش بود","[[-0.0003986   0.00734103 -0.0003147  ...  0.00325977  0.01060337
   0.01333878]]",غزلیات مولوی,670
37,"بگویم خفیه تا خواجه نرنجد	که آن دلبر همی در بر نگنجد
ز مستی من ترازو را شکستم	ترازو کان گوهر را نسنجد
بتان را جمله زو بدرید سربند	که ماده گرگ با یوسف نغنجد
هم از جمله سیه روییست آن نیز	که پیش رومیی زنجی بزنجد
قراضه کیست پیش شمس تبریز	که گنج زر بیارد یا بگنجد","[[ 2.8457958e-05  7.6721102e-05 -2.9153196e-06 ...  1.6702669e-03
  -4.2874773e-05 -3.8565585e-04]]",غزلیات مولوی,672
38,"کسی کز غمزه ای صد عقل بندد	گر او بر ما نخندد پس که خندد
اگر تسخر کند بر چرخ و خورشید	بود انصاف و انصاف آن پسندد
دلا می جوش همچون موج دریا	که گر دریا بیارامد بگندد
چو خورشیدی و از خود پاک گشتی	ز تو چنگ اجل جز غم نرندد
شکرشیرینی گفتن رها کن	ولیکن کان قندی چون نقندد","[[ 3.5337336e-05 -4.3707082e-09 -7.5403085e-07 ...  1.7555902e-04
  -2.0576794e-05  8.2003069e-05]]",غزلیات مولوی,673
39,"سگ ار چه بی فغان و شر نباشد	سگ ما چون سگ دیگر نباشد
شنو از مصطفی کو گفت دیوم	مسلمان شد دگر کافر نباشد
سگ اصحاب کهف و نفس پاکان	اگر بر در بود بر در نباشد
سگ اصحاب را خوی سگی نیست	گر این سر سگ نمود آن سر نباشد
که موسی را درخت آن شب چو اختر	نمود آذر ولیک آذر نباشد","[[ 6.1566813e-04  1.2161083e-05 -1.3055516e-06 ...  1.9916540e-03
  -2.4905899e-05 -2.1794972e-04]]",غزلیات مولوی,676
40,"روی تو به رنگریز کان ماند	زلف تو به نقش بند جان ماند
گر سایه برگ گل فتد بر تو	بر عارض نازکت نشان ماند
روزی گذرد ز هجر تو سالی	مسکین عاشق چنان جوان ماند
دلتنگ نیم اگر چه دل تنگم	کآخر دل من بدان دهان ماند
در چشم من آی تا تو هم بینی	یک تن که به صد هزار جان ماند",[[0.0025309  0.00859465 0.00568148 ... 0.01085385 0.00724454 0.01906914]],غزلیات مولوی,688
41,"ساقی زان می که می چریدند	بفزای که یارکان رسیدند
مهمان بفزود می بیفزا	زان خنب که اولیا چشیدند
زان می که ز بوش جمله ابدال	در خلق پدید و ناپدیدند
ای ساقی خوب شکرلله	کان روی نکوت را بدیدند
ای آتش رخت سوز عشاق	در عشق تو رخت ها کشیدند
ای پرده فروکشیده بنگر	کز عشق چه پرده ها دریدند","[[ 5.3562615e-03 -5.6584853e-05  1.8766035e-03 ...  7.6847291e-03
   5.1405369e-03  2.1112179e-02]]",غزلیات مولوی,713
42,"از بهر چه در غم و زحیرید	وقت سفرست خر بگیرید
خیزید روان شوید یاران	تا همچو روان صفا پذیرید
پران باشید در پی صید	آخر نه کم از کمان و تیرید
اندر حرکت نهانست روزی	گر محتشمید وگر فقیرید
در اول روز تازه ز آنید	که شب سوی غیب در مسیرید","[[-5.7500715e-06  2.3525483e-06 -7.0389927e-07 ... -1.3190906e-06
  -1.7530923e-05  9.5610136e-05]]",غزلیات مولوی,720
43,"ما مست شدیم و دل جدا شد	از ما بگریخت تا کجا شد
چون دید که بند عقل بگسست	در حال دلم گریزپا شد
او جای دگر نرفته باشد	او جانب خلوت خدا شد
در خانه مجو که او هواییست	او مرغ هواست و در هوا شد
او باز سپید پادشاهست	پرید به سوی پادشا شد",[[0.00557517 0.00085101 0.00593616 ... 0.01269755 0.01388    0.00599084]],غزلیات مولوی,722
44,"هم دلم ره می نماید هم دلم ره می زند	هم دلم قلاب و هم دل سکه شه می زند
هم دلم افغان کنان گوید که راه من زدند	هم دل من راه عیاران ابله می زند
هم دل من همچو شحنه طالب دزدان شده	هم دل من همچو دزدان نیم شب ره می زند
گه چو حکم حق دل من قصد سرها می کند	گه چو مرغ سربریده الله الله می زند",[[0.01453635 0.00540611 0.00478966 ... 0.0136023  0.01443202 0.00977158]],غزلیات مولوی,752
45,"چمنی که جمله گل ها به پناه او گریزد	که در او خزان نباشد که در او گلی نریزد
شجری خوش و خرامان به میانه بیابان	که کسی به سایه او چو بخفت مست خیزد
فلکی چو آسمان ها که بدوست قصد جان ها	که زحل نیارد آن جا که به زهره برستیزد
گهری لطیف کانی به مکان لامکانی	بویست اشارت دل چو دو دیده اشک بیزد",[[0.00685989 0.00277824 0.00919466 ... 0.00239218 0.00288468 0.02047622]],غزلیات مولوی,768
46,"سحری چو شاه خوبان به وثاق ما درآمد	به مثال ساقیان او به سبو و ساغر آمد
نه سبوی او بدیدم نه ز ساغرش چشیدم	که هزار موج باده به دماغ من برآمد
بگشاد این دماغم پر و بال بی نهایت	که به آفتاب ماند که به ماه و اختر آمد
به مبارکی و شادی چو جمال او بدیدم	ز جمال او دو دیده ز دو کون برتر آمد","[[ 1.2611083e-03  4.9004046e-04  2.0724689e-03 ...  5.9911758e-03
  -8.7804474e-05  1.8542254e-02]]",غزلیات مولوی,773
47,"عید بگذشت و همه خلق سوی کار شدند	همه از نرگس مخمور تو خمار شدند
دست و پاشان تو شکستی چو نه پا ماند و نه دست	پر گشادند و همه جعفر طیار شدند
اهل دینار کجا امت دیدار کجا	گر چه دینار بشد لایق دیدار شدند","[[-2.8285928e-04 -3.5473057e-08 -4.7390913e-06 ...  4.2142285e-05
  -3.7500497e-05 -2.2896504e-04]]",غزلیات مولوی,808
48,"موشکی صندوق را سوراخ کرد	خواب گربه موش را گستاخ کرد
اندر آتش افکنیم آن موش را	همچنان کان مردک طباخ کرد
گربه را و موش را آتش زنیم	در تنوری کآتشش صد شاخ کرد","[[ 1.7217461e-02 -8.6816413e-05  3.1336604e-03 ...  1.8370001e-02
   9.7308252e-03  1.8647637e-02]]",غزلیات مولوی,813
49,"بیمار رنج صفرا ذوق شکر نداند	هر سنگ دل در این ره قلب از گهر نداند
هر عنکبوت جوله در تار و پود آن چه	از ذوق صنعت خود ذوق دگر نداند
وان کو ز چه برافتد در جام و ساغر افتد	مستیش در سر افتد پا را ز سر نداند","[[ 9.5940828e-03 -6.1872008e-05  2.4241435e-03 ...  5.0562238e-03
   5.0682402e-03  2.7944984e-02]]",غزلیات مولوی,846
50,"برجه ز خواب و بنگر نک روز روشن آمد	دل را ز خواب برکن هنگام رفتن آمد
تا کی اشارت آید تو ناشنوده آری	ترسم که عشق گوید کاین خواجه کودن آمد
رفتند خوشه چینان وین خوشه چین نشسته	کز ثقل و از گرانی چون تل خرمن آمد",[[0.0017608  0.00461045 0.00083189 ... 0.0083183  0.01188779 0.00811061]],غزلیات مولوی,856
51,"روی تو چون روی مار خوی تو زهر قدید	ای خنک آن را که او روی شما را ندید
من شده مهمان تو در چمن جان تو	پای پر از خار شد دست یکی گل نچید
ای مثل خارپشت گرد تو خار درشت	خار تو ما را بکشت مار تو ما را گزید
با تو موافق شدم با تو منافق شدم	بر دبه عاشق شدم در دبه زیت پلید",[[0.00482981 0.01611009 0.00781484 ... 0.01844406 0.00200559 0.01032531]],غزلیات مولوی,889
52,"شعر من نان مصر را ماند	شب بر او بگذرد نتانی خورد
آن زمانش بخور که تازه بود	پیش از آنک بر او نشیند گرد
گرمسیر ضمیر جای ویست	می بمیرد در این جهان از برد
همچو ماهی دمی به خشک طپید	ساعتی دیگرش ببینی سرد
ور خوری بر خیال تازگیش	بس خیالات نقش باید کرد
آنچ نوشی خیال تو باشد	نبود گفتن کهن ای مرد","[[ 8.2922215e-03 -3.6699792e-05  3.1343473e-03 ...  1.2968829e-02
   4.6077901e-03  2.8918432e-02]]",غزلیات مولوی,981
53,"یا من نعماه غیر معدود	و السعی لدیه غیر مردود
قد اکرمنا و قد دعانا	کی نعبده و نعم معبود
لا یطلب حمدنا لفخر	بل یجعلنا بذاک محمود
قد بشر باللقاء صدقه	من حضرته الکریم مورود
و الوعد من الحبیب حلو	و السعی الی السعود مسعود
خاصا سعدی که او به هر دم	صد دل به سعود خویش بربود",[[0.01645268 0.00866097 0.00773783 ... 0.01931943 0.0027454  0.0144395 ]],غزلیات مولوی,1008
54,"حکم البین بموتی و عمد	رضی الصد بحینی و قصد
فتح الدهر عیون حسد	فر آنی بفناکم و حسد
یهرق العشق دماء حقنت	لیس للعشق قریب و ولد
لکن الموت حیاه لکم	لکن الفقر غناء و رغد
سافروا فی سبل العشق معی	لا تخافن ضلالا و رصد
لا یهولنکم بعدکم	دونکم وفد وصال و مدد
فنسیم طرب اولهم	یهب السالک حولا و جلد",[[0.00851504 0.00161755 0.00270231 ... 0.01677414 0.0087309  0.01990967]],غزلیات مولوی,1014
55,"جان بر کف خود داری ای مونس جان زوتر	من نیک سبک گشتم آن رطل گران زوتر
از باده بسی ساغر فربه کن هر لاغر	هر چند سبک دستی ای دست از آن زوتر
ای بر در و بام تو از لذت جام تو	جان ها به صبوح آیند من از همگان زوتر
سودای تو می آرد زان می که نه قی آرد	از سینه به چشم آید از نور عیان زوتر","[[-2.5242975e-04 -3.0700369e-07 -9.8989840e-06 ...  3.8674967e-03
  -3.5894196e-04  2.1295362e-04]]",غزلیات مولوی,1029
56,"شب گشت ولیک پیش اغیار	روزست شب من از رخ یار
گر عالم جمله خار گیرد	ماییم ز دوست غرق گلزار
گر گشت جهان خراب و معمور	مستست دل و خراب دلدار
زیرا که خبر همه ملولیست	این بی خبریست اصل اخبار",[[0.01412885 0.00189196 0.00078739 ... 0.00850071 0.02211056 0.01599541]],غزلیات مولوی,1051
57,"گفتی که زیان کنی زیان گیر	گفتی که تو ملحدی چنان گیر
گفتی که تو روبهی نه ای شیر	ما را سقط همه سگان گیر
گفتی که ز دل خبر نداری	ای مونس دل مرا زبان گیر","[[ 0.00607845  0.00068702 -0.00016083 ...  0.00922955  0.01991246
   0.02775398]]",غزلیات مولوی,1059
58,"رفتم آن جا مست و گفتم ای نگار	چون مرا دیوانه کردی گوش دار
گفت بنگر گوش من در حلقه ایست	بسته آن حلقه شو چون گوشوار
زود بردم دست سوی حلقه اش	دست بر من زد که دست از من بدار
اندر این حلقه تو آنگه ره بری	کز صفا دری شوی تو شاهوار
حلقه زرین من وانگه شبه	کی رود بر چرخ عیسی با حمار","[[ 3.2761430e-03 -3.2206874e-06  3.5107832e-03 ...  7.7199577e-03
   6.6582570e-03  1.9410769e-02]]",غزلیات مولوی,1103
59,"ای آینه فقیری جانی و چیز دیگر	وی آنک در ضمیری آنی و چیز دیگر
اسرار آسمان را اندیشه و نهان را	احوال این و آن را دانی و چیز دیگر
تاریخ برگذشته بر انسی و فرشته	خط های نانبشته خوانی و چیز دیگر
از غیب حصه ها را بدهی به مستحقان	وز سینه غصه ها را رانی و چیز دیگر","[[ 1.0999866e-02 -2.4128756e-08 -3.5609617e-06 ...  1.4389954e-04
  -4.6921552e-05  3.3574746e-04]]",غزلیات مولوی,1115
60,"عار بادا جهانیان را عار	از دو سه ماده ابله طرار
شکلک زاهدان ولی ز درون	لیس فی الدار سیدی دیار
به دو پول سیاه بتوان یافت	زین چنین خربطان دو سه خروار","[[ 5.8419439e-03  1.6279167e-03 -4.7512117e-06 ...  1.6262697e-02
   2.0888187e-02  1.0610698e-02]]",غزلیات مولوی,1163
61,"خلق را زیر گنبد دوار	چشم ها کور و دیدنی بسیار
جور او کش از آنک شورش دل	نور چشمست یا اولوالابصار
بر دو دیده نهم غمت کاین درد	داروی خاص خسرویست به بار
باغ جان خوش ز سنگ بارانست	ما نخواهیم قطره سنگ ببار
شمس تبریز گوهر عشقست	گوهر عشق را تو خوار مدار",[[0.0118971  0.00094455 0.00015084 ... 0.00173327 0.00879554 0.01670267]],غزلیات مولوی,1164
62,"نیست در آخرزمان فریادرس	جز صلاح الدین صلاح الدین و بس
گر ز سر سر او دانسته ای	دم فروکش تا نداند هیچ کس
سینه عاشق یکی آبیست خوش	جان ها بر آب او خاشاک و خس
چون ببینی روی او را دم مزن	کاندر آیینه زیان باشد نفس
از دل عاشق برآید آفتاب	نور گیرد عالمی از پیش و پس",[[0.01553986 0.01222884 0.00052104 ... 0.03650011 0.0072311  0.01778738]],غزلیات مولوی,1210
63,"ای شب خوش رو که تویی مهتر و سالار حبش	ما ز تو شادیم همه وقت تو خوش وقت تو خوش

عشق تو اندرخور ما شوق تو اندر بر ما	دست بنه بر سر ما دست مکش دست مکش
ای شب خوبی و بهی جان بجهد گر بجهی	گر سه عدد بر سه نهی گردد شش گردد شش
شش جهتم از رخ تو وز نظر فرخ تو	هفت فلک را بدهد خوبی و کش خوبی و کش",[[0.001382   0.00159308 0.0054318  ... 0.0020307  0.0109949  0.02057668]],غزلیات مولوی,1218
64,"برفتم دی به پیشش سخت پرجوش	نپرسید او مرا بنشست خاموش
نظر کردم بر او یعنی که واپرس	که بی روی چو ماهم چون بدی دوش
نظر اندر زمین می کرد یارم	که یعنی چون زمین شو پست و بی هوش
ببوسیدم زمین را سجده کردم	که یعنی چون زمینم مست و مدهوش","[[ 2.0975518e-05  1.5515259e-06 -1.3878233e-06 ...  1.8363121e-04
  -6.2190484e-05  1.3043670e-04]]",غزلیات مولوی,1236
65,"شنو پندی ز من ای یار خوش کیش	به خون دل برآید کار درویش
یقین می دان مجیب و مستجابست	دعای سوخته درویش دل ریش
چو آن سلطان بی چون را بدیدی	غنی گشتی رهیدی از کم و بیش
چو اسماعیل قربان شو در این عشق	ولی را بنده شو گر نیستی میش
چو پختی در هوای شمس تبریز	از این خامان بیهوده میندیش",[[0.00333061 0.0009484  0.00093224 ... 0.01623344 0.00806621 0.01593321]],غزلیات مولوی,1237
66,"آن مطرب ما خوشست و چنگش	دیوانه شود دل از ترنگش
چون چنگ زند یکی تو بنگر	کز لطف چگونه گشت رنگش
گر تنگ آیی ز زندگانی	برجه به کنار گیر تنگش","[[ 0.01294566 -0.00010738  0.00206375 ...  0.00247155  0.00896251
   0.02717413]]",غزلیات مولوی,1240
67,"یار درآمد ز باغ بیخود و سرمست دوش	توبه کنان توبه را سیل ببردست دوش
عاشق صدساله ام توبه کجا من کجا	توبه صدساله را یار دراشکست دوش
باده خلوت نشین در دل خم مست شد	خلوت و توبه شکست مست برون جست دوش
ولوله در کو فتاد عقل درآمد که داد	محتسب عقل را دست فروبست دوش","[[-7.8377558e-04 -9.0398371e-06  3.9180738e-04 ...  1.1443347e-02
   1.0276645e-02  1.6400443e-02]]",غزلیات مولوی,1278
68,"ای ظریف جهان سلام علیک	ان دائی و صحتی بیدیک
داروی درد بنده چیست بگو	قبله لو رزقت من شفتیک
از تو آیم بر تو هم به نفیر	آه المستغاث منک الیک
گر به خدمت نمی رسم به بدن	انما الروح و الفواد لدیک
گر خطابی نمی رسد بی حرف	پس جهان پر چرا شد از لبیک
نحس گوید تو را که بدلنی	سعد گوید تو را که یا سعدیک",[[0.00286239 0.00138931 0.00232969 ... 0.01134337 0.00233427 0.01680674]],غزلیات مولوی,1323
69,"حریف جنگ گزیند تو هم درآ در جنگ	چو سگ صداع دهد تن مزن برآور سنگ
به خویش آی و چنین خویش را خلاوه مکن	که اینت گوید گولست و آنت گوید دنگ
چه دست باشد کز رو مگس نداند راند	ز سست طبعی کرمی نمایدش چو پلنگ","[[ 7.4187773e-03 -1.7354772e-05 -6.1460109e-05 ...  1.8144075e-02
   3.9066253e-03  2.9765027e-02]]",غزلیات مولوی,1328
70,"کجکنن اغلن اودیا کلکل	یوک بلمسک دغدغ کز کل
ای سر مستان ای شه مقبل	مکرم و مشفق پردل و بی دل
اول ججکی کم یازده بلدک	کمیه ورما خصمنا ور کل
سلسله بنگر گر بکشندت	جذب الهی کردت مقبل
نبود این هم بی سر و معنی	هر متحول بی ز محول","[[ 0.01080967  0.00946905 -0.00039711 ...  0.02024078  0.00988647
   0.02965594]]",غزلیات مولوی,1363
71,"یا بدیع الحسن قد اوضحت بالبلبال بال	بالهوی زلزلتنی و العقل فی الزلزال زال
قد رجعنا قد رجعنا جانبا من طورکم	انظرونا انظرونا نستقی الماء الزلال
کل شی ء منکم عندی لذیذ طیب	منک طابت کل ارض ان ذا سحر حلال","[[ 0.00780335  0.01729443  0.00493254 ... -0.00038247  0.00816399
   0.01140262]]",غزلیات مولوی,1366
72,"رشاء العشق حبیبی لشرود و مضل	کل قلب لهواه وجد الصبر یصل
سنه الوصل قصیر عجل معتجل	سنه الهجر طویل و مدید و ممل
یملاء الکاس حبیبی و طبیبی و تذر	فعلن مفتعلن او فعلاتن و فعل
ناول الکاس نهارا و جهارا و قحا	لا یخاف رهقا من به محیاک قتل","[[ 1.6577735e-03 -4.5438090e-05 -2.6832448e-04 ...  2.4853654e-03
   1.1886657e-02  2.7252324e-02]]",غزلیات مولوی,1367
73,"عمرک یا واحدا فی درجات الکمال	قد نزل الهم بی یا سندی قم تعال
یا فرحی مونسی یا قمر المجلس	وجهک بدر تمام ریقک خمر حلال
روحک بحر الوفا لونک لمع الصفا	عمرک لو لا التقی قلت ایا ذا الجلال
تسکن قلب الوری تسکرهم بالهوی	تدرک ما لا یری انت لطیف الخیال
تسکن ارواحهم تسکر اشباحهم	تجلسهم مجلسا فیه کووس ثقال",[[0.0075099  0.00421632 0.0064261  ... 0.00568585 0.00087965 0.02356072]],غزلیات مولوی,1368
74,"هر نفسی تازه ترم کز سر روزن بپرم	چونک بهارم تو شهی باغ توام شاخ ترم
چونک تویی میر مرا در بر خود گیر مرا	خاک تو بادا کلهم دست تو بادا کمرم
چونک تو دست شفقت بر سر ما داشته ای	نیست عجب گر ز شرف بگذرد از چرخ سرم",[[0.00786157 0.00555256 0.00450017 ... 0.00685543 0.0071655  0.02258553]],غزلیات مولوی,1399
75,"کوه نیم سنگ نیم چونک گدازان نشوم	دیدم جمعیت تو چونک پریشان نشوم
کوه ز کوهی برود سنگ ز سنگی بشود	پس من اگر آدمیم کمتر از ایشان نشوم
آهن پولاد و حجر در کف تو موم شود	من که همه موم توام چونک بدین سان نشوم",[[0.0014066  0.00743698 0.00452053 ... 0.0112807  0.00344827 0.03417133]],غزلیات مولوی,1401
76,"اگر شد سود و سرمایه چه غمگینی چو من هستم	برآور سر ز جود من که لاتاسوا نمودستم
اگر فانی شود عالم ز دریایی بود شبنم	گر افتاده ست او از خود نیفتاده ست از دستم
جهان ماهی عدم دریا درون ماهی این غوغا	کنم صیدش اگر گم شد که من صیاد بی شستم",[[0.00365233 0.04285542 0.00921872 ... 0.0003972  0.00821029 0.01906794]],غزلیات مولوی,1420
77,"زهی سرگشته در عالم سر و سامان که من دارم	زهی در راه عشق تو دل بریان که من دارم
وگر در راه بازار غم عشقت خریدارم	به صد جان ها بنفروشم ز عشقت آنچ من دارم","[[ 5.0268271e-03 -6.6934685e-05  9.4695122e-04 ...  6.2977313e-03
   1.2607100e-02  1.2850127e-02]]",غزلیات مولوی,1442
78,"توبه نکنم هرگز زین جرم که من دارم	زان کس که کند توبه زین واقعه بیزارم
مجنون ز غم لیلی چون توبه نکرد ای جان	صد لیلی و صد مجنون درجست در اسرارم
بس بی سر و پا عشقی که عاشق و معشوقم	هم زارم و بیمارم هم صحت بیمارم
اندیشه پرنده زین سوخته پر گشته	که من قفص تنگم که جعفر طیارم",[[0.00959431 0.0057804  0.00230602 ... 0.01148393 0.01369589 0.02022843]],غزلیات مولوی,1456
79,"ای خواجه بفرما به کی مانم به کی مانم	من مرد غریبم نه از این شهر جهانم
گر دم نزنم تا حسد خلق نجنبد	دانم که نگویم نتوانم که ندانم
آن کل کلهی یافت و کل خویش نهان کرد	با بنده به خشم است که دانای نهانم
گر صلح کند داروی کلیش بسازیم	از ننگ کلی و کلهش بازرهانم","[[ 3.6803127e-04 -3.0268943e-08 -4.7393729e-07 ...  1.1456923e-03
  -5.1556453e-05 -3.1386804e-05]]",غزلیات مولوی,1488
80,"بیا کز عشق تو دیوانه گشتم	وگر شهری بدم ویرانه گشتم
ز عشق تو ز خان و مان بریدم	به درد عشق تو همخانه گشتم
چیان کاهل بدم کان را نگویم	چو دیدم روی تو مردانه گشتم
چو خویش جان خود جان تو دیدم	ز خویشان بهر تو بیگانه گشتم
فسانه عاشقان خواندم شب و روز	کنون در عشق تو افسانه گشتم",[[0.01206308 0.00693993 0.00276892 ... 0.00741912 0.00721613 0.00820171]],غزلیات مولوی,1499
81,"منم فتنه هزاران فتنه زادم	به من بنگر که داد فتنه دادم
ز من مگریز زیرا درفتادی	بگو الحمدلله درفتادم
عجب چیزی است عشق و من عجبتر	تو گویی عشق را خود من نهادم
بیا گر من منم خونم بریزید	که تا خود من نمردم من نزادم
نگویم سر تو کان غمز باشد	ولی ناگفته بندی برگشادم","[[ 0.01016699  0.00245157  0.00880683 ... -0.00070459  0.00766789
   0.02799137]]",غزلیات مولوی,1501
82,"اگر عشقت به جای جان ندارم	به زلف کافرت ایمان ندارم
چو گفتی ننگ می داری ز عشقم	غم عشق تو را پنهان ندارم
تو می گفتی مکن در من نگاهی	که من خون ها کنم تاوان ندارم
من سرگشته چون فرمان نبردم	از آن بر نیک و بد فرمان ندارم
چو هر کس لطف می یابند از تو	من بیچاره آخر جان ندارم",[[0.01043429 0.03404715 0.00546972 ... 0.00677726 0.00990805 0.00518952]],غزلیات مولوی,1510
83,"زنهار مرا مگو که پیرم	پیری و فنا کجا پذیرم
من ماهی چشمه حیاتم	من غرقه بحر شهد و شیرم
جز از لب لعل جان ننوشم	غیر سر زلف او نگیرم
گر کژ نهدم کمان ابرو	در حکم کمان او چو تیرم
انداخته ای چو تیر دورم	برگیر که از تو ناگزیرم
پرم تو دهی چرا نپرم	میرم چو تویی چرا بمیرم",[[0.00948818 0.00999605 0.00840727 ... 0.0078029  0.00275035 0.01841912]],غزلیات مولوی,1549
84,"ای برده نماز من ز هنگام	هین وقت نماز شد بیارام
ای خورده تو خون صد قلندر	ای بر تو حلال خون بیاشام
عشق تو و آنگهی سلامت	ای دشمن ننگ و دشمن نام
مستی تو وانگهی سر و پا	دیوانه وانگهی سرانجام
یک حرف بپرسمت بگویی	دلسوخته دیده چنین خام
پیداست که یار من ملول است	خاموش شدم به کام و ناکام",[[0.00609429 0.00085139 0.00696678 ... 0.02085129 0.00760405 0.01848043]],غزلیات مولوی,1556
85,"من دوش به تازه عهد کردم	سوگند به جان تو بخوردم
کز روی تو چشم برندارم	گر تیغ زنی ز تو نگردم
درمان ز کسی دگر نجویم	زیرا ز فراق توست دردم
در آتشم ار فروبری تو	گر آه برآورم نه مردم
برخاستم از رهت چو گردی	بر خاک ره تو بازگردم","[[-4.9450761e-04 -2.1235890e-06 -2.6987703e-04 ...  1.7150359e-02
  -9.9964638e-04  9.6010007e-03]]",غزلیات مولوی,1559
86,"من اشتر مست شهریارم	آن خایم کز گلو برآرم
چون گلبن روی اوست خویم	اشکوفه من بود نثارم
چون بحر اگر ترش کنم رو	پرگوهر و در بود کنارم
گر یار وصال ما نجوید	با عشق وصال یار غارم
خواری که به پیش خلق عار است	آن عار شده ست افتخارم
باد منطق برون کن از لنج	کز باد نطق در این غبارم","[[ 0.00618153  0.00175578  0.00325405 ... -0.00157832  0.0056012
   0.02058913]]",غزلیات مولوی,1563
87,"ناآمده سیل تر شدستیم	نارفته به دام پای بستیم
شطرنج ندیده ایم و ماتیم	یک جرعه نخورده ایم و مستیم
همچون شکن دو زلف خوبان	نادیده مصاف ما شکستیم
ما سایه آن بتیم گویی	کز اصل وجود بت پرستیم
سایه بنماید و نباشد	ما نیز چو سایه نیست هستیم",[[0.00395091 0.00516606 0.0008761  ... 0.01124939 0.00640829 0.02399489]],غزلیات مولوی,1569
88,"در عشق قدیم سال خوردیم	وز گفت حسود برنگردیم
زین دمدمه ها زنان بترسند	بر ما تو مخوان که مرد مردیم
مردانه کنیم کار مردان	پنهان نکنیم آنچ کردیم
ما را تو به زرد و سرخ مفریب	کز خنجر عشق روی زردیم
بر درد هزار آفرین باد	باقی بر ما که یار دردیم",[[0.00658647 0.01246624 0.00764283 ... 0.00874178 0.00339894 0.01214764]],غزلیات مولوی,1571
89,"گر گمشدگان روزگاریم	ره یافتگان کوی یاریم
گم گردد روزگار چون ما	گر آتش دل بر او گماریم
نی سر ماند نه عقل او را	گر ما سر فتنه را بخاریم
این مرگ که خلق لقمه اوست	یک لقمه کنیم و غم نداریم
تو غرقه وام این قماری	ما وام گزار این قماریم
جانی مانده ست رهن این وام	جان را بدهیم و برگزاریم",[[0.0003242  0.00757665 0.00035985 ... 0.00307833 0.00183157 0.01223557]],غزلیات مولوی,1572
90,"ما شاخ گلیم نی گیاهیم	ما شیوه تر و تازه خواهیم
اشکوفه باغ آسمانیم	نقل و می مجلس الهیم
ما جوی نه ایم بلک آبیم	ما ابر نه ایم بلک ماهیم
لوح و قلمیم نی حروفیم	تیغ و علمیم نی سپاهیم
هم خسته غمزه چو تیریم	هم بسته طره سیاهیم","[[ 0.00592854  0.00310476  0.00060488 ... -0.00134739 -0.00183679
   0.01532905]]",غزلیات مولوی,1575
91,"علم عشق برآمد برهانم ز زحیرم	به لب چشمه حیوان بکشم پای بمیرم
به که مانم به که مانم که سطرلاب جهانم	چو قضا حکم روانم نه امیرم نه وزیرم
بروی ای عالم هستی همه را پای ببستی	تو اگر جان منستی نپذیرم نپذیرم","[[ 4.8937788e-03 -4.1476633e-05  4.3802373e-03 ...  5.8385124e-03
   4.8457040e-03  1.1608243e-02]]",غزلیات مولوی,1618
92,"نظری به کار من کن که ز دست رفت کارم	به کسم مکن حواله که بجز تو کس ندارم
چه کمی درآید آخر به شرابخانه تو	اگر از شراب وصلت ببری ز سر خمارم
چو نیم سزای شادی ز خودم مدار بی غم	که در این میان همیشه غم توست غمگسارم",[[0.02883753 0.00508692 0.0041643  ... 0.00150879 0.00927401 0.01458461]],غزلیات مولوی,1627
93,"تا که ما از نظر و خوبی تو باخبریم	از بد و نیک جهان همچو جهان بی خبریم
نظری کرد سوی خوبی تو دیده ما	از پیروی تو تا حشر غلام نظریم
دین ما مهر تو و مذهب ما خدمت تو	تا نگویی که در این عشق تو ما مختصریم
زهر بر یاد یکی نوش تو ای آهوچشم	گر به از نوش ننوشیم پس از سگ بتریم",[[0.00356837 0.0451973  0.00505056 ... 0.0261672  0.00372384 0.02643525]],غزلیات مولوی,1654
94,"روز باران است و ما جو می کنیم	بر امید وصل دستی می زنیم
ابرها آبستن از دریای عشق	ما ز ابر عشق هم آبستنیم
تو مگو مطرب نیم دستی بزن	تو بیا ما خود تو را مطرب کنیم
روشن است آن خانه گویی آن کیست	ما غلام خانه های روشنیم
ما حجاب آب حیوان خودیم	بر سر آن آب ما چون روغنیم","[[-1.7732508e-03  5.2982225e-04  7.7010314e-03 ... -7.9101628e-05
   3.8093787e-03  2.0612646e-02]]",غزلیات مولوی,1672
95,"چند گهی فاتحه خوانت کنم	از پس آن شاه جهانت کنم
پیر شدی در غم ما باک نیست	پیر بیا تا که جوانت کنم
هیچ غم جان مخور ار جان برفت	بگلر لشکرگه جانت کنم
آنچ محال است تصور دهم	وجه محالیش بیانت کنم
ره دهمت تا به اصول اصول	راه چه باشد که چنانت کنم
گر چه کلیمی همه در اعتراض	کشف کنم خضر زمانت کنم",[[0.00178802 0.00832213 0.00234657 ... 0.0191756  0.01643234 0.03082275]],غزلیات مولوی,1772
96,"ما به تماشای تو بازآمدیم	جانب دریای تو بازآمدیم
سیل غمت خانه دل را ببرد	زود به صحرای تو بازآمدیم
چون سر ما مطبخ سودای توست	بر سر سودای تو بازآمدیم
از سر چه صد رسن انداختی	تا سوی بالای تو بازآمدیم
ناله سرنای تو در جان رسید	در پی سرنای تو بازآمدیم","[[-2.7989989e-05  8.4367195e-05 -5.4937354e-06 ...  1.9040177e-04
  -6.8293899e-05 -3.3791579e-04]]",غزلیات مولوی,1774
97,"رحت انا من بینکم غبت کذا من عینکم	لا تغفلوا عن حینکم لا تهدموا دارینکم
اخواننا اخواننا ان الزمان خاننا	لا تنسوا هجراننا لا تهدموا دارینکم
قد فاتنا اعمارنا و استنسیت اخبارنا	و استثقلت اوزارنا لا تهدموا دارینکم
استوثقوا ادیانکم و استغنموا اخوانکم	و استعشقوا ایمانکم لا تهدموا دارینکم",[[0.00277855 0.00176308 0.00181636 ... 0.01947224 0.01660638 0.01736563]],غزلیات مولوی,1778
98,"ظننتم ایا عذال ان قد عدلتم	تظنون ان الحق فیما عذلتم
و ما ضاء ذاک البدر الا لاهله	و غادرکم انواره فضللتم
فما مل من ذاق الصبابه و الهوی	و انکم ما ذقتم فمللتم
و ان ذقتموا ما ذقتموه بحقها	و لا مشرب العشاق یوما وصلتم","[[ 0.01472506  0.00303896  0.00089309 ... -0.00087281  0.01273968
   0.01607675]]",غزلیات مولوی,1782
99,"کافرم ار در دو جهان عشق بود خوشتر از این	دیده ایمان شود ار نوش کند کافر از این
عشق بود کان هنر عشق بود معدن زر	دوست شود جلوه از آن پوست شود پرزر از این
عشق چو بگشاید لب بوی دهد بوی عجب	مشک شده مست از او گشته خجل عنبر از این
عشق بود خوب جهان مادر خوبان شهان	خاک شود گوهر از آن فخر کند مادر از این","[[ 8.7460224e-03 -5.4656401e-05  6.9203526e-03 ...  1.7864250e-02
   9.4031645e-03  2.0385325e-02]]",غزلیات مولوی,1819
100,"دانی که کجا جویی ما را به گه جستن	در گردش چشم او آن نرگس آبستن
در دل چو خیال او تابد ز جمال او	دل بند بدراند او را نتوان بستن
طفل دل پرسودا آغاز کند غوغا	پستان کریم او آغاز کند جستن
دل ز آتش عشق او آموخت سبک روحی	از سینه بپریدن هر ساعت برجستن","[[-0.00025452  0.00286852  0.00234564 ...  0.00295756  0.00807164
   0.02127885]]",غزلیات مولوی,1873
101,"از آتش روی خود اندر دلم آتش زن	و آتش ز دلم بستان در چرخ منقش زن
ای جان خوش ساده از اصل ملک زاده	هر جا که روی خوش رو هر دم که زنی خوش زن
ای جسم تو را از جان گر فرق کند جانم	شمشیر به کف داری بر تارک فرقش زن
ای طره پربندت بگشاده گره ها را	این یک گره دیگر بر زلف مشوش زن",[[0.00374133 0.00516138 0.00296193 ... 0.01176977 0.00440646 0.0305009 ]],غزلیات مولوی,1874
102,"گر این جا حاضری سر همچنین کن	چو کردی بار دیگر همچنین کن
مرا دی تنگ اندر بر کشیدی	بیا ای تنگ شکر همچنین کن
در و بام مرا دی می شکستی	درآ امروز از در همچنین کن
میان جان چاکر کار کردی	به پیش چشم چاکر همچنین کن
چه خوش کردی مها آن شیوه را دی	رها کن ناز و خوشتر همچنین کن","[[ 5.8649614e-04  2.9236320e-04 -1.1708095e-05 ...  4.3600543e-05
  -7.8326702e-05 -1.6888260e-04]]",غزلیات مولوی,1907
103,"ای روی مه تو شاد خندان	آن روی همیشه باد خندان
آن ماه ز هیچ کس نزاده ست	ور زانک بزاد زاد خندان
ای یوسف یوسفان نشستی	در مسند عدل و داد خندان
آن در که همیشه بسته بودی	وا شد ز تو با گشاد خندان
ای آب حیات چون رسیدی	شد آتش و خاک و باد خندان","[[-1.1253850e-05 -1.3828763e-09 -9.4991077e-07 ...  1.1734952e-03
  -2.1114825e-05 -5.0103394e-05]]",غزلیات مولوی,1923
104,"ای دوست عتاب را رها کن	تدبیر دوای درد ما کن
ای دوست جدا مشو تو از ما	ما را ز بلا و غم جدا کن
اندیشه چو دزد در دل افتاد	مستم کن و دزد را فنا کن
شادی ز میان غم برانگیز	در عالم بی وفا وفا کن","[[ 6.5841135e-03 -6.0666247e-05  3.2850518e-03 ...  5.9605017e-03
   1.6503111e-02  5.5470489e-05]]",غزلیات مولوی,1928
105,"ای عربده کرده دوش با من	می خورده و کرده جوش با من
ای جان به حق وصال دوشین	در خشم چنین مکوش با من
گر با تو ز من بدی بگفتید	با بنده بگو مپوش با من","[[ 2.0160193e-03 -2.2304150e-05  8.0570113e-03 ...  1.3515984e-02
   1.9030575e-02  2.7220832e-02]]",غزلیات مولوی,1929
106,"گلسن بنده ستایک غرضم یق اشد رسن	قلسن انده یوز در یلنز قنده قلرسن
چلبی درقیمو درلک چلبا گل نه گز رسن	چلبی قللرن استر چلبی نه سز سن
نه اغر در نه اغر در چلب اغرندن قغرمق	قولغن اج قولغن اج بله کم انده دگرسن","[[ 0.01608768  0.00014778  0.00074434 ... -0.00145591 -0.00051391
   0.02348139]]",غزلیات مولوی,1982
107,"شیرمردا تو چه ترسی ز سگ لاغرشان	برکش آن تیغ چو پولاد و بزن بر سرشان
چون ملک ساخته خود را به پر و بال دروغ	همه دیوند که ابلیس بود مهترشان
همه قلبند و سیه چون بزنی بر سر سنگ	هین چرا غره شدستی تو به سیم و زرشان",[[0.0025794  0.00114312 0.00666628 ... 0.00583187 0.01472507 0.02517342]],غزلیات مولوی,2004
108,"بشنو از دل نکته های بی سخن	و آنچ اندر فهم ناید فهم کن
در دل چون سنگ مردم آتشی است	کو بسوزد پرده را از بیخ و بن
چون بسوزد پرده دریابد تمام	قصه های خضر و علم من لدن
در میان جان و دل پیدا شود	صورت نو نو از آن عشق کهن
چون بخوانی والضحی خورشید بین	کان زر بین چون بخوانی لم یکن","[[-5.2759387e-05  4.8129197e-05 -5.3174108e-06 ...  2.7934986e-04
  -2.6532409e-05  2.9376699e-04]]",غزلیات مولوی,2010
109,"ساقیا برخیز و می در جام کن	وز شراب عشق دل را دام کن
نام رندی را بکن بر خود درست	خویشتن را لاابالی نام کن
چرخ گردنده تو را چون رام شد	مرکب بی مرکبی را رام کن
آتش بی باکی اندر چرخ زن	خاک تیره بر سر ایام کن
مذهب زناربندان پیشه گیر	خدمت کاووس و آذرنام کن","[[ 2.5719702e-03 -2.8011966e-05  2.7963696e-03 ...  1.5698727e-02
   1.1294394e-03  2.3039140e-02]]",غزلیات مولوی,2013
110,"راز چون با من نگوید یار من	بند گردد پیش او گفتار من
عذر می گوید که یعنی خامشم	با تو می گوید دل هشیار من
با کسی دیگر زبان گردد همه	سر خود می گوید و اسرار من
در گمان افتد دلم زین واقعه	این دل ترسان بدپندار من
گر بگوید ور نگوید راز من	دل ندارد صبر از دلدار من","[[ 2.6181727e-03  6.0292106e-04 -6.6079214e-05 ...  1.6607910e-03
  -1.5897260e-04  2.6391959e-03]]",غزلیات مولوی,2014
111,"جان من جان تو جانت جان من	هیچ دیدستی دو جان در یک بدن
ای تن ار بی او به صد جان زنده ای	جان طلب کن جان و لاف تن مزن
دل از این جان برکن و بر وی بنه	ز آنک از این جانی نیاید جان مکن
از قل الروح امر ربی فهم شد	شرح جان ای جان نیاید در دهن","[[ 3.5538822e-03 -7.7096760e-05  6.2974560e-04 ...  1.1609934e-02
   1.4222623e-03  2.5382981e-02]]",غزلیات مولوی,2016
112,"آمد آمد در میان خوب ختن	هر دو دستت را بشو از جان و تن
داد شمشیری به دست عشق و گفت	هرچ بینی غیر من گردن بزن
اندر آب انداز الا نوح را	هر که باشد خوب و زشت و مرد و زن
هر که او اندر دل نوح است رست	هر که در پستی است در دریا فکن","[[ 4.1514775e-04  2.2445843e-06 -1.5710270e-06 ...  4.0949494e-04
  -3.1061263e-05 -1.3631192e-04]]",غزلیات مولوی,2017
113,"به شکرخنده ببردی دل من	بشکن شکر دل را مشکن
دل ما را که ز جا برکندی	به تو آمد پر و بالش بمکن
بنگر تا به چه لطفش بردی	رحم کن هر نفسش زخم مزن
جانم اندر پی دل می آید	چه کند بی تو در این قالب تن
بی تو دل را نبود برگ جهان	بی تو گل را نبود برگ چمن
هین چرا بند شکستی خاموش	یا مگر نیست تو را بند دهن",[[0.00336393 0.00435866 0.0031606  ... 0.01405823 0.00740977 0.02701153]],غزلیات مولوی,2026
114,"آن خوب را طلب کن اندر میان حوران	مشنو کسی که گوید آن فتنه را مشوران
در دل چو نقش بندد جان از طرب بخندد	صد گون شکر بجوشد از تلخی صبوران
از پرتوی که افتد در چشم ها ز رویش	خارش چه افتد از وی در چشم های کوران","[[ 0.00930594  0.00344181 -0.0011205  ...  0.01420055  0.01095743
   0.04087878]]",غزلیات مولوی,2035
115,"ای دم به دم مصور جان از درون تن	نزدیکتر ز فکرت این نکته ها به من
ز آینده و گذشته چرا یاد می کنم	که لذت زمانی و هم قبله زمن
جان حقایقی و خیالات دلربا	و آن نقش های مه که نگنجد در این دهن","[[ 0.01434034  0.00374538 -0.00279389 ...  0.01460608  0.00646699
   0.05627859]]",غزلیات مولوی,2049
116,"یا تو ترش کرده رو مایه ده شکران	تنگ شکر می کشد تا بنهد در میان
سرکه فروشان هلا سرکه بریزید زود	تا که عسل پر کند آن شه شکرلبان
سرکه نه ساله را بهر خدا را بریز	چونک بریزی بیا تا دهمت من نشان
طوطی جان تو را سرکه نوا کی دهد	بلبل مست تو را شرط بود گلستان",[[0.00346733 0.00948399 0.00131475 ... 0.00749404 0.00591775 0.03793944]],غزلیات مولوی,2070
117,"بگویم مثالی از این عشق سوزان	یکی آتشی در نهانم فروزان
اگر می بنالم وگر می ننالم	به کار است آتش به شب ها و روزان
همه عقل ها خرقه دوزند لیکن	جگرهای عشاق شد خرقه سوزان",[[0.01223038 0.01222343 0.00762583 ... 0.01205867 0.01585896 0.01960934]],غزلیات مولوی,2087
118,"یک قوصره پر دارم ز سخن	جان می شنود تو گوش مکن
دربند خودی زین سیر شدی	گیری سر خود ای بی سر و بن
چون مستمعان جمله بروند	گویم غم نو با یار کهن
کی سیر شود ماهی ز تری	یا تشنه حق از علم لدن
گر سیر شدند این مستمعان	جان می شنود از قرط اذن","[[ 0.00225959 -0.00010604  0.0002128  ...  0.00539935  0.00629534
   0.02586686]]",غزلیات مولوی,2094
119,"سیر گشتم ز نازهای خسان	کم زنم من چو روغن به لسان
بعد از این شهد را نهان دارم	تا نیفتند اندر او مگسان
خویش را بعد از این چنان دزدم	که نیابند مر مرا عسسان
هر زمان جانب دگر تازم	بی رفیقان و صاحبان و کسان
ای خدا در تو چون گریخته ام	این چنین قوم را به من مرسان","[[ 1.0573893e-04 -3.5682124e-08 -2.0276957e-06 ... -1.2860205e-05
  -1.2451189e-04 -2.3786581e-04]]",غزلیات مولوی,2101
120,"ظلمت شب پرتو ظلمات من	نور مه از نور ملاقات من
گوهر طاعت شد از آن کیمیا	زلت و انکار و جنایات من
هست سماوات در آن آرزو	تا نگرد سوی سماوات من
ای رخ خورشید سوی برج من	ای شه جان شاهد شهمات من","[[ 3.0929672e-03 -6.8393297e-06  1.8512596e-03 ...  2.2928843e-02
   1.6035369e-02  2.1334838e-02]]",غزلیات مولوی,2112
121,"ای تو چو خورشید و شه خاص من	کفر من و توبه و اخلاص من
رقص کند بر سر چرخ آفتاب	تا تو بگوییش که رقاص من
سجده کنان پیش درت نفس کل	کای ز تو جان یافته اشخاص من
نفس کل و عقل کل و آن دگر	بحر منی گوهر و غواص من
کفر من و گوهر ایمان من	جرم من و واعظ و قصاص من",[[0.01969733 0.00121281 0.00186066 ... 0.01158268 0.00569503 0.02954105]],غزلیات مولوی,2113
122,"کیف اتوب یا اخی من سکر کارجوان	لیس من التراب بل معصره بلا مکان
خط علی کوسها کتابه شارحه	یا من من یشربها من الممات و الهوان
من تبریز نبعه منبته و ینعه	فها الیها جانب و جانب الی الجنان","[[ 5.2511785e-03 -4.3830361e-05 -2.8955508e-03 ...  1.0372882e-02
   1.3953391e-03  2.9754756e-02]]",غزلیات مولوی,2122
123,"یا صغیر السن یا رطب البدن	یا قریب العهد من شرب اللبن
هاشمی الوجه ترکی القفا	دیلمی الشعر رومی الذقن
روحه روحی و روحی روحه	من رآی روحین عاشقا فی بدن
صح عند الناس انی عاشق	غیر ان لم یعرفوا عشقی به من
اقطعوا شملی و ان شاتم صلوا	کل شی ء منکم عندی حسن
ذاب مما فی متاعی وطنی	و متاعی باد مما فی وطن",[[0.0088737  0.01605447 0.00087321 ... 0.00772833 0.00291684 0.02416928]],غزلیات مولوی,2127
124,"نحن الی سیدنا راجعون	طیبه النفس به طایعون
سیدنا یصبح یبتا عنا	انفسنا نحن له بایعون
یفسد ان جاع الی موکل	نحن الی نظرته جایعون
سوف تلاقیه به میعاده	تحسب انا ابدا ضایعون",[[0.00051806 0.00121766 0.01415103 ... 0.0076396  0.01014341 0.00597498]],غزلیات مولوی,2129
125,"ای شکران ای شکران کان شکر دارم از او	پندپذیرنده نیم شور و شرر دارم از او
خانه شادی است دلم غصه ندارم چه کنم	هر چه به عالم ترشی دورم و بیزارم از او
کی هلدم با خود کی می دهدم بر سر می	گل دهدم در مه دی بلبل گلزارم از او
من خوش و تو نیم خوشی جهد بکن تا بچشی	تا قدحی می بکشی ز آنک گرفتارم از او",[[0.00273755 0.00037302 0.00605906 ... 0.01839614 0.01310504 0.00962715]],غزلیات مولوی,2146
126,"ای برادر عاشقی را درد باید درد کو	صابری و صادقی را مرد باید مرد کو
چند از این ذکر فسرده چند از این فکر زمن	نعره های آتشین و چهره های زرد کو
کیمیا و زر نمی جویم مس قابل کجاست	گرم رو را خود کی یابد نیم گرمی سرد کو","[[ 1.01162244e-04 -8.83198845e-06 -3.43718275e-04 ...  1.99529044e-02
   4.27855505e-03  3.38167027e-02]]",غزلیات مولوی,2206
127,"ای غذای جان مستم نام تو	چشم و عقلم روشن از ایام تو
شش جهت از روی من شد همچو زر	تا بدیدم سیم هفت اندام تو
گفته بودی کز توام بگرفت دل	من نخواهم در جهان جز کام تو
منتظر بنشسته ام تا دررسد	از پی جان خواستن پیغام تو","[[ 6.05989760e-03 -4.22255689e-05  6.52803387e-03 ...  1.73493531e-02
   6.10012328e-03  1.16177155e-02]]",غزلیات مولوی,2229
128,"به حریفان بنشین خواب مرو	همچو ماهی به تک آب مرو
همچو دریا همه شب جوشان باش	نی پراکنده چو سیلاب مرو
آب حیوان نه که در تاریکی است	بطلب در شب و مشتاب مرو
شب روان فلکی پرنورند	تو هم از صحبت اصحاب مرو
شمع بیدار نه در طشت زر است	به زمین در تو چو سیماب مرو
شب روان را بنماید مه رو	منتظر شو شب مهتاب مرو",[[0.00932914 0.01193788 0.0046124  ... 0.00432248 0.00835731 0.02281117]],غزلیات مولوی,2232
129,"دل من دل من دل من بر تو	رخ تو رخ تو رخ بافر تو
صنما صنما اگر جان طلبی	بدهم بدهم به جان و سر تو
کف تو کف تو کف رحمت تو	لب تو لب تو لب شکر تو
دم تو دم تو دم جان وش تو	می تو می تو می چون زر تو
در تو در تو در بخشش تو	گل تو گل تو گل احمر تو","[[ 3.4103468e-03 -4.2457661e-05  1.0218258e-02 ...  2.3965036e-02
   6.3238726e-03  1.7206008e-02]]",غزلیات مولوی,2254
130,"بوقلمون چند از انکار تو	در کف ما چند خلد خار تو
یار تو از سر فلک واقف است	پس چه بود پیش وی اسرار تو
چند بگویی که همین بار و بس	چند از این چند از این بار تو
ای ز تو بیمار حبیب و طبیب	بسته ز ناسور تو تیمار تو
خورده می غفلت و منکر شده	بوی دهانت شده اقرار تو",[[0.0103789  0.00153905 0.0096948  ... 0.05307366 0.005523   0.02270792]],غزلیات مولوی,2261
131,"ابناء ربیعنا تعالوا	فالورد یقول لا تبالوا
و العشق یصیحکم جهارا	الخلد لکم فلا تزالوا
و الحسن علی البها تجلی	و السکر حواه و الکمال
من کان مخرسا جمادا	الیوم تکلموا و قالوا
من کان مبلسا قنوطا	ذابوا و تضاحکوا و نالوا
من بعد فان تروا غضوبا	ماذا غضب فذا دلال",[[0.00447713 0.00087014 0.00353657 ... 0.01442861 0.00819006 0.01509814]],غزلیات مولوی,2270
132,"حد البشیر بشاره یا جار	دهش الفواد بما حداه و حاروا
سمعوا نداء الحق من فم طارق	قرب الخیام الیکم و الدار
و دنا کریم وجهه قمر الدجی	و خیاله لعاشقین مدار
فتحلقوا حول البشیر و اقبلوا	سجدوا جمیعا للبشیر و زاروا
سکنت قلوب بعد ما سکن البلا	لبسوا لباس الجد منه و ساروا",[[0.01114077 0.00453963 0.00976704 ... 0.0300635  0.00097002 0.01915575]],غزلیات مولوی,2272
133,"دایم پیش خود نهی آینه را هرآینه	ز آنک نظیر نیستت جز که درون آینه
در تو کجا رسم تو را همچو خیال روی تو	در دل و جان و در نظر منظره هست و جای نه
هم تو منزهی ز جا هم همه جای حاضری	آیت بی چگونگی در تو و در معاینه
از سوی تو موحدی از سوی من مشبهی	جانب تو مواصله جانب من مباینه","[[ 1.53595675e-02 -7.01755052e-05  3.77508253e-03 ...  8.38490948e-03
   6.53268443e-03  4.11431938e-02]]",غزلیات مولوی,2289
134,"ای روی تو رویم را چون روی قمر کرده	اجزای مرا چشمت اصحاب نظر کرده
باد تو درختم را در رقص درآورده	یاد تو دهانم را پرشهد و شکر کرده
دانی که درخت من در رقص چرا آید	ای شاخ و درختم را پربرگ و ثمر کرده
از برگ نمی نازد وز میوه نمی یازد	ای صبر درختم را تو زیر و زبر کرده","[[-1.5416732e-05 -5.2225402e-09 -5.9388253e-07 ...  3.7864775e-05
  -5.8554226e-05 -5.2078329e-05]]",غزلیات مولوی,2314
135,"امروز من و باده و آن یار پری زاده	احسنت زهی خرم شاباش زهی باده
بازیم یکی عشقی در زیر گلیمی به	بر حلقه هر جمعی بر رسته هر جاده
این حلقه زرین را در گوش درآویزم	یعنی که از این خدمت آزادم و آزاده
عشق من و روی تو از عهد قدم بوده ست	روی من از اول بد بر روی تو بنهاده",[[0.00759241 0.00536424 0.00155771 ... 0.01379457 0.00630535 0.03292363]],غزلیات مولوی,2325
136,"هر موی من از عشقت بیت و غزلی گشته	هر عضو من از ذوقت خم عسلی گشته
خورشید حمل رویت دریای عسل خویت	هر ذره ز خورشیدت صاحب عملی گشته
این دل ز هوای تو دل را به هوا داده	وین جان ز لقای تو برج حملی گشته","[[ 1.6510602e-02 -4.1682364e-05  4.0430082e-03 ...  5.0271433e-03
   6.5397541e-03  2.6789246e-02]]",غزلیات مولوی,2329
137,"خدایا رحمت خود را به من ده	دریدی پیرهن تو پیرهن ده
مرا صفرای تو سرگشته کرده ست	ز لطف خود مرا صفراشکن ده
اگر عالم به غم خوردن به پای است	مده غم را به من با بوالحزن ده
خدایا عمر نوح و عمر لقمان	و صد چندان بدان خوب ختن ده
سهیل روی تو اندر یمن تافت	مرا راهی به سوی آن یمن ده","[[-1.1231704e-04 -1.3897466e-08 -1.1592657e-06 ...  5.2670948e-04
  -3.2720865e-05 -8.2497594e-05]]",غزلیات مولوی,2347
138,"ای روز مبارک و خجسته	ما جمع و تو در میان نشسته
ای همنفس همیشه پیش آ	تا زنده شود دمی شکسته
پیغام دل است این دو سه حرف	بشنو سخن شکسته بسته
یک بار بگو که بنده من	کآزاد شوم ز رنج و رسته
آن دست ز روی خویش برگیر	تا گل چینیم دسته دسته
یک بار دگر شکرفشان کن	طوطی نگر از قفص برسته","[[ 6.3330654e-06 -1.8141352e-05  1.1052659e-03 ...  1.1567090e-02
   5.5402247e-03  2.1893894e-02]]",غزلیات مولوی,2361
139,"چشم بگشا جان ها بین از بدن بگریخته	جان قفص را درشکسته دل ز تن بگریخته
صد هزاران عقل ها بین جان ها پرداخته	صد هزاران خویشتن بی خویشتن بگریخته
گر گریزد صد هزاران جان و دل من فارغم	چون درآمد مست و خندان آن ز من بگریخته
صد هزاران تشنه ز استسقا بگفته ترک جان	صد هزاران بلبل آن سو از چمن بگریخته","[[ 5.1231217e-03 -5.3572992e-05  7.5607939e-04 ...  9.1396086e-03
   2.1274723e-03  1.6698333e-02]]",غزلیات مولوی,2369
140,"مطرب جان های دل برده	تا به شب تا به شب همین پرده
جان هایی که مست و مخمورند	بر سر باده باده ای خورده
در خرابات مفردان رفته	خرقه آب و گل گرو کرده","[[ 0.0068154  -0.00062875  0.00137337 ...  0.02597953  0.01202569
   0.02072586]]",غزلیات مولوی,2421
141,"یا رشا فدیته من زمن رایته	لست تقول اننی ارحم من سبیته
محرقنی برده کفی اذا دعوته	محتجب بصده عنی اذا اتیته
آه الیس ناظری مختلف لطیفه	آه الیس مهجتی مسکنه و بیته
قد زرع الفراق فی خدی بذر زعفر	وشت علی العیون من کثره ما سقیته
قوسک حیث ما رمی السهم اصاب مقلتی	سهمک ظل من دمی یکتب قد کفیته","[[ 0.01841378  0.01205775 -0.0001208  ...  0.02739889  0.00904169
   0.02029738]]",غزلیات مولوی,2423
142,"فدیتتک یا ستی الناسیه	الی کم تشد فم الخابیه
الا فاملای منه لی کاسه	تذکرنی صفوه ناسیه
فما کاسه منه الا نجی	و تاتی باخت لها آبیه","[[ 0.01677951 -0.00011786 -0.00165597 ...  0.01060321  0.00501328
   0.02375513]]",غزلیات مولوی,2426
143,"جمع مکن تو برف را بر خود تا که نفسری	برف تو بفسراندت گر تو تنور آذری
آنک نجوشد او به خود جوش تو را تبه کند	و آنک ندارد آذری ناید از او برادری
فربهیش به دست جو غره مشو به پشم او	آن سر و سبلتش مبین جان وی است لاغری
گر خوشی است این نوا برجه و گرم پیش آ	سر تو چنین چنین مکن مشنو سست و سرسری","[[-3.8255084e-06  5.0566316e-04 -1.2288317e-04 ... -4.5687902e-05
  -2.1024821e-04  1.2046294e-02]]",غزلیات مولوی,2491
144,"گر هیچ نگارینم بر خلق عیانستی	ای شاد که خلقستی ای خوش که جهانستی
گر نقش پذیرفتی در شش جهت عالم	بالا همه باغستی پستی همه کانستی
از خلق نهان زان شد تا جمله مرا باشد	گر هیچ پدیدستی آن همگانستی","[[-5.8258269e-07  2.9747721e-04 -3.2850934e-07 ...  5.3246011e-04
  -5.5389039e-05 -1.0528296e-04]]",غزلیات مولوی,2586
145,"منم فانی و غرقه در ثبوتی	به دریاهای حی لایموتی
مگر من یوسفم در قعر چاهی	مگر من یونسم در بطن حوتی
وجود ظاهرم تا چند بینی	که اطلس هاست اندر برگ توتی
فقیرم من ولیکن نی فقیری	که گردد در به در در عشق لوتی
ز بهر قهر جان لوت خوارم	بمالیده چو جلادان بروتی
به غیر عشق شمس الدین تبریز	نیرزد پیش بنده تره توتی",[[0.02328736 0.00372437 0.00515263 ... 0.0206474  0.00404858 0.00977375]],غزلیات مولوی,2649
146,"کجا شد عهد و پیمان را چه کردی	امانت های چون جان را چه کردی
چرا کاهل شدی در عشقبازی	سبک روحی مرغان را چه کردی
نشاط عاشقی گنجی است پنهان	چه کردی گنج پنهان را چه کردی
تو را با من نه عهدی بود ز اول	بیا بنشین بگو آن را چه کردی
چنان ابری به پیش ما چه بستی	چنان خورشید خندان را چه کردی","[[-6.8034228e-06  2.0728712e-05 -1.6091021e-06 ...  3.7382264e-04
  -3.0261759e-05  1.8468648e-06]]",غزلیات مولوی,2681
147,"آخر گل و خار را بدیدی	روز و شب تار را بدیدی
بس نقش و نگار درشکستی	تا نقش و نگار را بدیدی
از عالم خاک برگذشتی	و آن گرد و غبار را بدیدی
می خند چو گل در این گلستان	کان جان بهار را بدیدی
بی کار شدی ز کار عالم	چون حاصل کار را بدیدی
چون باده ساقی اندرآمیز	چون رنج خمار را بدیدی",[[0.0041583  0.00070836 0.01129141 ... 0.0020795  0.00937938 0.00870432]],غزلیات مولوی,2745
148,"از قصه حال ما نپرسی	وز کشتن عاشقان نترسی
ای گوهر عشق از چه بحری	وی آتش عشق از چه درسی
آن جا که تویی کی راه یابد	زان جانب چرخ و عرش و کرسی
ای دل تو دلی نه دیگ آهن	از آتش عشق چند تفسی
جان و دل و نفس هر سه سوزید	تا کی گویم ظلمت نفسی",[[0.00713422 0.0087857  0.00330311 ... 0.01157079 0.0060313  0.03661707]],غزلیات مولوی,2751
149,"کژزخمه مباش تا توانی	هر زخمه که کژ زنی بمانی
پیر است عروس عیش دنیا	مرگش طلبی اگر ستانی
تا رخ ننمود جمله نور است	چون رخ بنمود شد دخانی
از سیل بلا چو کاه مگریز	در عشق و ولا چو پهلوانی
چون آب روان به هر نباتی	باید که حیات را رسانی","[[-1.0059717e-04  6.0372404e-05 -9.5961070e-07 ...  5.9543083e-05
  -4.5228298e-05  2.3544767e-04]]",غزلیات مولوی,2757
150,"ساقی انصاف خوش لقایی	از جا رفتم تو از کجایی
گر بنده بگویمت روا نیست	ترسم که بگویمت خدایی
خاموش نمی هلی که باشم	راه گفتن نمی گشایی
می افشاری مرا چو انگور	معشوق نه ای مرا بلایی
گر چشم ببندم از تو کفر است	زیرا که تو نور می فزایی
ور بگشایم بگویی منگر	در ما تو بدیده هوایی","[[ 8.1166232e-05  7.6862794e-05 -1.8412006e-04 ...  2.6470129e-03
  -3.6948113e-04  1.9028131e-02]]",غزلیات مولوی,2768
151,"سر نهاده بر قدم های بت چین نیستی	ز آنک مسی در صفت خلخال زرین نیستی
راست گو جانا که امروز از چه پهلو خاستی	چیز دیگر گشته ای تو رنگ پیشین نیستی
در رخ جان رنگ او دیدم بپرسیدم از او	سر چنین کرد او که یعنی محرم این نیستی
دوش آمد خواجه ای بر در بگفتش عشق او	سیم و زر داری ولیکن مرد زرین نیستی",[[0.02789679 0.00245113 0.00543871 ... 0.01033542 0.00590129 0.02923399]],غزلیات مولوی,2792
152,"تا بنستانی تو انصاف از جهود خیبری	جان به جانان کی رسانی دل به حضرت کی بری
جعفر طیاروار ار آب و از گل کی رهی	تا نخندی اندر آتش همچو زر جعفری
دل نبیند آنک باشد جسم و جان را او حجاب	سر ندارد آنک بنهد پا در این ره سرسری
تا دو چشمت بسته باشد اندر این بازارگاه	سخت ارزان می فروشی لیک انبان می خری","[[-0.00028346  0.02869502  0.00646819 ...  0.0148361   0.00378746
   0.01700298]]",غزلیات مولوی,2797
153,"در میان جان نشین کامروز جان دیگری	کاین جهان خیره است در تو کز جهان دیگری
خوش خرام ای سرو جان کامروز جان دیگری	خوش بخند ای گلستان کز گلستان دیگری
آب خلقان رفت جمله در هوای آب و نان	یوسفا در قحط عالم آب و نان دیگری
تو جهان زندگی و این جهان بندگی	تو ز شاه شه نشان والله نشان دیگری",[[0.04117695 0.01069346 0.00216164 ... 0.01442157 0.00730839 0.02595881]],غزلیات مولوی,2800
154,"نیستی عاشق ای جلف شکم خوار گدای	در فروبند و همان گنده کسان را می گای
کار بوزینه نبوده ست فن نجاری	دعوی یافه مکن یافه مگو ژاژ مخای
عاشقی را تو کیی عشق چه درخورد توست	شرم دار ای سگ زن روسبی آخر ز خدای","[[ 8.4738415e-03 -3.4565510e-05 -7.4240641e-04 ... -7.3159480e-04
   9.0078274e-03  1.7762870e-02]]",غزلیات مولوی,2867
155,"نی تو شکلی دگری سنگ نباشی تو زری	سنگ هم بوی برد نیز که زیباگهری
دل نهادم که به همسایگیت خانه کنم	که بسی نادر و سبز و تر و عالی شجری
سبزه ها جمله در این سبزی تو محو شوند	من چه گویم که تری تو نماند به تری
گر چه چون شیر و شکر با همه آمیخته ای	هیچ عقلی نپذیرد ز تو که زین نفری","[[ 0.00853913  0.01209687  0.0023048  ...  0.00092924 -0.00230014
   0.02134959]]",غزلیات مولوی,2875
156,"طبع چیزی نو به نو خواهد همی	چیز نو نو راهرو خواهد همی
سر نو خواهی که تا خندان شود	سر دو گوش سرشنو خواهد همی
جان پاکان طالب جان زر است	جان حیوان کاه و جو خواهد همی
گفته مستان ساقیا هل من مزید	ساقی از مستان گرو خواهد همی
رو به سر چون سیل تا بحر حیات	جوی کن کان آب گو خواهد همی","[[ 0.00634214 -0.00010311  0.00745905 ...  0.02056266  0.00504462
   0.03091544]]",غزلیات مولوی,2911
157,"ز کجا آمده ای می دانی	ز میان حرم سبحانی
یاد کن هیچ به یادت آید	آن مقامات خوش روحانی
پس فراموش شدستت آن ها	لاجرم خیره و سرگردانی
جان فروشی به یکی مشتی خاک	این چه بیع است بدین ارزانی
بازده خاک و بدان قیمت خود	نی غلامی ملکی سلطانی
جهت تو ز فلک آمده اند	خوبرویان خوش پنهانی","[[ 0.00884223  0.00176949 -0.00196003 ...  0.03025193  0.0141828
   0.02054211]]",غزلیات مولوی,2927
158,"ببست خواب مرا جاودانه دلداری	به زیر سنگ نهان کرد و در بن غاری
به خواب هم نتوان دید خواب چشم مرا	چو مرده ای که درافتاد در نمکساری
کجاست خواب و کجا چشم و کو قرار دلی	کجا گذارد این فتنه صبر صباری
اگر چه کوه بود عقل همچو که بپرد	ببین چه صرصر باهیبتست این باری","[[-4.7737998e-05  9.8575467e-05 -3.1472789e-06 ...  9.1158108e-06
  -2.2355598e-05 -8.9654051e-05]]",غزلیات مولوی,3100
159,"جان جانی و جان صد جانی	می زنی نعره های پنهانی
هر کی کر نیست بشنود وصفت	نعل معکوس و خفیه می رانی
غیر احمق به فهم این نرسد	عارت آید از این لت انبانی
سد پیش و پس تو این عارست	که سرافراز و قطب خلقانی
چون گریزی از این فزون گردد	کای فلان فارغست زین فانی","[[ 3.0306582e-03 -2.7109983e-05 -7.2157366e-04 ...  1.9233213e-03
  -1.9405552e-04  2.6913336e-02]]",غزلیات مولوی,3160
160,"الا فی الغشق تشریفی و عیدی	تعالوا نحو عشق منستزید
دعانا من تعالی عن حدود	نجی المحدود بالعین الحدید
دعانا بحر ذی ماء فرات	فانکرنا التیمم بالصعید
دعانا خالق کل دعاء	تخاسر عندنا کل بعید
نسینا کل شی مذ ذکرنا	مقامات تعالت عن ندید
بدایات نهایات لدیها	مجال الروح فی جد جدید",[[0.00393414 0.02201788 0.00307317 ... 0.00641591 0.00567152 0.01249457]],غزلیات مولوی,3208
161,"الا یا مالکا رق الزمان	الا یا ناسخا، حسن الغوانی
الا من لطفه ماء زلال	و مافی الکون ظرف کالاوانی
سجود کل اوج او حضیض	بشمس الدین سلطان المعانی
الا تبریز بشراک دواما	و صار ساجدیک المشرقان
ظل الله تبریزا بظل	تضعضع من تصوره جنانی
تعالی عن مدیحی، قد تعالی	ولکن لیس صبر فی لسانی",[[0.0183979  0.01911722 0.00466972 ... 0.0225972  0.00561641 0.0256567 ]],غزلیات مولوی,3212
162,"طارت حیلی و زال حیلی	اصبحت مکابدا لویلی
قد اظلم بالجوی نهاری	کیف اخبرکم انا بلیلی
ما املاء عصتی و وجدی	ما افرع من رضاک کیلی","[[ 0.00747926 -0.00010094  0.00253089 ...  0.00185091  0.00671503
   0.00938157]]",غزلیات مولوی,3216
163,"الا حریم لیلی، علیکم سلامی	ادرتم علینا صفیة المدام
فذا ربیع وصل و نوبة التلاقی	و نعمة احاطت جمیعة الانام
تداولوا کوسا واسکروا روسا	کذا بکون خقا ولیمة الکرام
فوصلکم مدید صلوا بلا انقطاع	و نزلکم مزید کلوا بلا غرام
فلا یهیم قلبی بظلمة اللیالی	ولا تعام عینی علت عن المنام",[[0.01217139 0.01218486 0.00109678 ... 0.01548724 0.01292312 0.0201292 ]],غزلیات مولوی,3221
164,"قلت له مصیحا یا ملک المشرق	اقسم بالخالق مثلک لم یخلق
قدرک لایعرف وعدک لا یخلف	نائلک الاشرف بالک لم یغلق
جسمی کالخردله احرقه ذاالوله	خلد فی الزلزله من یک لم یخفق
صرت انا لا انا غیرک عندی فنا	ضدک یا ذاالغنا مختدع احمق
هیج کس ای جان من، جان سخن دان من	نور رخ شد ندید، تا نکند بیدقی",[[0.0044017  0.00031123 0.00534094 ... 0.01106259 0.00912871 0.01726808]],غزلیات مولوی,3226
