,output_id,output_text,hekmat_number
0,5405,قال ع کن فی الفتنه کابن اللبون لا ظهر فیرکب و لا ضرع فیحلب ,2##1
1,5406,و قال ع ازری بنفسه من استشعر الطمع و رضی‌ بالذل من کشف عن ضره و هانت علیه نفسه من امر علیها لسانه ,2##2
2,5407,و قال ع البخل عار و الجبن منقصه و الفقر یخرس الفطن عن حجته و المقل غریب فی بلدته ,2##3
3,5408,و قال ع العجز افه و الصبر شجاعه و الزهد ثروه و الورع جنه و نعم القرین الرضی ,2##4
4,5409,و قال ع العلم وراثه کریمه و الاداب حلل مجدده و الفکر مراه صافیه ,2##5
5,5410,و قال ع صدر العاقل صندوق سره و البشاشه حباله الموده و الاحتمال قبر العیوب و روی‌ انه قال فی العباره عن هذا المعنی ایضا المساله خباء العیوب و من رضی‌ عن نفسه کثر الساخط علیه ,2##6
6,5411,و الصدقه دواء منجح و اعمال العباد فی عاجلهم نصب اعینهم فی اجالهم ,2##7
7,5412,و قال ع اعجبوا لهذا الانسان ینظر بشحم و یتکلم بلحم و یسمع بعظم و یتنفس من خرم ,2##8
8,5413,و قال ع اذا اقبلت الدنیا علی احد اعارته محاسن غیره و اذا ادبرت عنه سلبته محاسن نفسه ,2##9
9,5414,و قال ع خالطوا الناس مخالطه ان متم معها بکوا علیکم و ان عشتم حنوا الیکم ,2##10
10,5415,و قال ع اذا قدرت علی عدوک فاجعل العفو عنه شکرا للقدره علیه ,2##11
11,5416,و قال ع اعجز الناس من عجز عن اکتساب الاخوان و اعجز منه من ضیع من ظفر به منهم ,2##12
12,5417,و قال ع اذا وصلت الیکم اطراف النعم فلا تنفروا اقصاها بقله الشکر ,2##13
13,5418,و قال ع من ضیعه الاقرب اتیح له الابعد ,2##14
14,5419,و قال ع ما کل مفتون یعاتب ,2##15
15,5420,و قال ع تذل الامور للمقادیر حتی یکون الحتف فی التدبیر ,2##16
16,5421,و سئل ع عن قول الرسولص غیروا الشیب و لا تشبهوا بالیهود فقال ع انما قالص ذلک و الدین قل فاما الان و قد اتسع نطاقه و ضرب بجرانه فامرؤ و ما اختار ,2##17
17,5422,و قال ع فی الذین اعتزلوا القتال معه خذلوا الحق و لم ینصروا الباطل ,2##18
18,5423,و قال ع من جری فی عنان امله عثر باجله ,2##19
19,5424,و قال ع اقیلوا ذوی المروءات عثراتهم فما یعثر منهم عاثر الا و ید الله بیده یرفعه ,2##20
20,5425,و قال ع قرنت الهیبه بالخیبه و الحیاء بالحرمان و الفرصه تمر مر السحاب فانتهزوا فرص الخیر ,2##21
21,5426,و قال ع لنا حق فان اعطیناه و الا رکبنا اعجاز الابل و ان طال السری ,2##22
22,5427,و قال ع من ابطا به عمله لم یسرع به نسبه ,2##23
23,5428,و قال ع من کفارات الذنوب العظام اغاثه الملهوف و التنفیس عن المکروب ,2##24
24,5429,و قال ع یا ابن ادم اذا رایت ربک سبحانه یتابع علیک نعمه و انت تعصیه فاحذره ,2##25
25,5430,و قال ع ما اضمر احد شیئا الا ظهر فی فلتات لسانه و صفحات وجهه ,2##26
26,5431,و قال ع امش بدائک ما مشی بک ,2##27
27,5432,و قال ع افضل الزهد اخفاء الزهد ,2##28
28,5433,و قال ع اذا کنت فی ادبار و الموت فی اقبال فما اسرع الملتقی ,2##29
29,5434,و قال ع الحذر الحذر فوالله لقد ستر حتی کانه قد غفر ,2##30
30,5435,و قال ع فاعل الخیر خیر منه و فاعل الشر شر منه ,2##32
31,5436,و قال ع کن سمحا و لا تکن مبذرا و کن مقدرا و لا تکن مقترا ,2##33
32,5437,و قال ع اشرف الغنی ترک المنی ,2##34
33,5438,و قال ع من اسرع الی الناس بما یکرهون قالوا فیه بما لا یعلمون ,2##35
34,5439,و قال ع من اطال الامل اساء العمل ,2##36
35,5440,و قال ع لا قربه بالنوافل اذا اضرت بالفرائض ,2##39
36,5441,و قال ع لسان العاقل وراء قلبه و قلب الاحمق وراء لسانه ,2##40
37,5442,قلب الاحمق فی فیه و لسان العاقل فی قلبه ,2##41
38,5443,و قال ع لبعض اصحابه فی عله اعتلها جعل الله ما کان من شکواک حطا لسیئاتک فان المرض لا اجر فیه و لکنه یحط السیئات و یحتها حت الاوراق و انما الاجر فی القول باللسان و العمل بالایدی و الاقدام و ان الله سبحانه یدخل بصدق النیه و السریره الصالحه من یشاء من عباده الجنه ,2##42
39,5444,و قال ع فی ذکر خباب بن الارت یرحم الله خباب بن الارت فلقد اسلم راغبا و هاجر طائعا و قنع بالکفاف و رضی‌ عن الله و عاش مجاهدا ,2##43
40,5445,و قال ع طوبی لمن ذکر المعاد و عمل للحساب و قنع بالکفاف و رضی‌ عن الله ,2##44
41,5446,و قال ع لو ضربت خیشوم المؤمن بسیفی هذا علی ان یبغضنی ما ابغضنی و لو صببت الدنیا بجماتها علی المنافق علی ان یحبنی ما احبنی و ذلک انه قضی‌ فانقضی علی لسان النبی الامی‌ص انه قال یا علی لا یبغضک مؤمن و لا یحبک منافق ,2##45
42,5447,و قال ع سیئه تسوءک خیر عند الله من حسنه تعجبک ,2##46
43,5448,و قال ع قدر الرجل علی قدر همته و صدقه علی قدر مروءته و شجاعته علی قدر انفته و عفته علی قدر غیرته ,2##47
44,5449,و قال ع الظفر بالحزم و الحزم باجاله الرای‌ و الرای‌ بتحصین الاسرار ,2##48
45,5450,و قال ع احذروا صوله الکریم اذا جاع و اللئیم اذا شبع ,2##49
46,5451,و قال ع قلوب الرجال وحشیه فمن تالفها اقبلت علیه ,2##50
47,5452,و قال ع عیبک مستور ما اسعدک جدک ,2##51
48,5453,و قال ع اولی الناس بالعفو اقدرهم علی العقوبه ,2##52
49,5454,و قال ع السخاء ما کان ابتداء فاما ما کان عن مساله فحیاء و تذمم ,2##53
50,5455,و قال ع لا غنی کالعقل و لا فقر کالجهل و لا میراث کالادب و لا ظهیر کالمشاوره ,2##54
51,5456,و قال ع الصبر صبران صبر علی ما تکره و صبر عما تحب ,2##55
52,5457,و قال ع الغنی فی الغربه وطن و الفقر فی الوطن غربه ,2##56
53,5458,و قال ع القناعه مال لا ینفد ,2##57
54,5459,و قال ع المال ماده الشهوات ,2##58
55,5460,و قال ع من حذرک کمن بشرک ,2##59
56,5461,و قال ع اللسان سبع ان خلی‌ عنه عقر ,2##60
57,5462,و قال ع المراه عقرب حلوه اللسبه ,2##61
58,5463,و قال ع اذا حییت بتحیه فحی‌ باحسن منها و اذا اسدیت الیک ید فکافئها بما یربی علیها و الفضل مع ذلک للباد‌ئ ,2##62
59,5464,و قال ع الشفیع جناح الطالب ,2##63
60,5465,و قال ع اهل الدنیا کرکب یسار بهم و هم نیام ,2##64
61,5466,و قال ع فقد الاحبه غربه ,2##65
62,5467,و قال ع فوت الحاجه اهون من طلبها الی غیر اهلها ,2##66
63,5468,و قال ع لا تستح من اعطاء القلیل فان الحرمان اقل منه ,2##67
64,5469,و قال ع العفاف زینه الفقر و الشکر زینه الغنی ,2##68
65,5470,و قال ع اذا لم یکن ما ترید فلا تبل ما کنت ,2##69
66,5471,و قال ع لا تری الجاهل الا مفرطا او مفرطا ,2##70
67,5472,و قال ع اذا تم العقل نقص الکلام ,2##71
68,5473,و قال ع الدهر یخلق الابدان و یجدد الامال و یقرب المنیه و یباعد الامنیه من ظفر به نصب و من فاته تعب ,2##72
69,5474,و قال ع من نصب نفسه للناس اماما فلیبدا بتعلیم نفسه قبل تعلیم غیره و لیکن تادیبه بسیرته قبل تادیبه بلسانه و معلم نفسه و مؤدبها احق بالاجلال من معلم الناس و مؤدبهم ,2##73
70,5475,و قال ع نفس المرء خطاه الی اجله ,2##74
71,5476,و قال ع کل معدود منقض و کل متوقع ات ,2##75
72,5477,و قال ع ان الامور اذا اشتبهت اعتبر اخرها باولها ,2##76
73,5478,و قال ع خذ الحکمه انی کانت فان الحکمه تکون فی صدر المنافق فتلجلج فی صدره حتی تخرج فتسکن الی صواحبها فی صدر المؤمن ,2##79
74,5479,و قال ع الحکمه ضاله المؤمن فخذ الحکمه و لو من اهل النفاق ,2##80
75,5480,و قال ع قیمه کل امر‌ئ ما یحسنه ,2##81
76,5481,و قال ع لرجل افرط فی الثناء علیه و کان له متهما انا دون ما تقول و فوق ما فی نفسک ,2##83
77,5482,و قال ع بقیه السیف ابقی عددا و اکثر ولدا ,2##84
78,5483,و قال ع من ترک قول لا ادری اصیبت مقاتله ,2##85
79,5484,و قال ع رای‌ الشیخ احب الی‌ من جلد الغلام و روی‌ من مشهد الغلام ,2##86
80,5485,و قال ع عجبت لمن یقنط و معه الاستغفار ,2##87
81,5486,و قال ع من اصلح ما بینه و بین الله اصلح الله ما بینه و بین الناس و من اصلح امر اخرته اصلح الله له امر دنیاه و من کان له من نفسه واعظ کان علیه من الله حافظ ,2##89
82,5487,و قال ع الفقیه کل الفقیه من لم یقنط الناس من رحمه الله و لم یؤیسهم من روح الله و لم یؤمنهم من مکر الله ,2##90
83,5488,و قال ع ان هذه القلوب تمل کما تمل الابدان فابتغوا لها طرائف الحکم ,2##91
84,5489,و قال ع اوضع العلم ما وقف علی اللسان و ارفعه ما ظهر فی الجوارح و الارکان ,2##92
85,5490,و سئل عن الخیر ما هو فقال لیس الخیر ان یکثر مالک و ولدک و لکن الخیر ان یکثر علمک و ان یعظم حلمک و ان تباهی‌ الناس بعباده ربک فان احسنت حمدت الله و ان اسات استغفرت الله و لا خیر فی الدنیا الا لرجلین رجل اذنب ذنوبا فهو یتدارکها بالتوبه و رجل یسارع فی الخیرات ,2##94
86,5491,و قال ع لا یقل عمل مع التقوی و کیف یقل ما یتقبل ,2##95
87,5492,و قال ع ان اولی الناس بالانبیاء اعلمهم بما جاءوا به ثم تلاان اولی الناس بابراهیم للذین اتبعوه و هذا النبی و الذین امنواالایه ثم قال ان ولی‌ محمد من اطاع الله و ان بعدت لحمته و ان عدو محمد من عصی الله و ان قربت قرابته ,2##96
88,5493,و سمع ع رجلا من الحروریه یتهجد و یقرا فقال نوم علی یقین خیر من صلاه فی شک ,2##97
89,5494,و قال ع اعقلوا الخبر اذا سمعتموه عقل رعایه لا عقل روایه فان رواه العلم کثیر و رعاته قلیل ,2##98
90,5495,و سمع رجلا یقولانا لله و انا الیه راجعون فقال ان قولناانا للهاقرار علی انفسنا بالملک و قولناو انا الیه راجعوناقرار علی انفسنا بالهلک ,2##99
91,5496,و قال ع و مدحه قوم فی وجهه فقال اللهم انک اعلم بی من نفسی و انا اعلم بنفسی منهم اللهم اجعلنا خیرا مما یظنون و اغفر لنا ما لا یعلمون ,2##100
92,5497,و قال ع لا یستقیم قضاء الحوائج الا بثلاث باستصغارها لتعظم و باستکتامها لتظهر و بتعجیلها لتهنؤ ,2##101
93,5498,و قال ع یاتی علی الناس زمان لا یقرب فیه الا الماحل و لا یظرف فیه الا الفاجر و لا یضعف فیه الا المنصف یعدون الصدقه فیه غرما و صله الرحم منا و العباده استطاله علی الناس فعند ذلک یکون السلطان بمشوره النساء و اماره الصبیان و تدبیر الخصیان ,2##102
94,5499,و قال ع ان الله افترض علیکم فرائض فلا تضیعوها و حد لکم حدودا فلا تعتدوها و نهاکم عن اشیاء فلا تنتهکوها و سکت لکم عن اشیاء و لم یدعها نسیانا فلا تتکلفوها ,2##105
95,5500,و قال ع لا یترک الناس شیئا من امر دینهم لاستصلاح دنیاهم الا فتح الله علیهم ما هو اضر منه ,2##106
96,5501,و قال ع رب عالم قد قتله جهله و علمه معه لا ینفعه ,2##107
97,5502,و قال ع نحن النمرقه الوسطی بها یلحق التالی و الیها یرجع الغالی‌ ,2##109
98,5503,و قال ع لا یقیم امر الله سبحانه الا من لا یصانع و لا یضارع و لا یتبع المطامع ,2##110
99,5504,و قال ع و قد توفی‌ سهل بن حنیف الانصاری‌ بالکوفه بعد مرجعه معه من صفین و کان احب الناس الیه ,2##111
100,5505,من احبنا اهل البیت فلیستعد للفقر جلبابا ,2##112
101,5506,و قال ع اذا استولی الصلاح علی الزمان و اهله ثم اساء رجل الظن برجل لم تظهر منه حوبه فقد ظلم و اذا استولی الفساد علی الزمان و اهله فاحسن رجل الظن برجل فقد غرر ,2##114
102,5507,و قیل له ع کیف نجدک یا امیر المؤمنین فقال ع کیف یکون حال من یفنی ببقائه و یسقم بصحته و یؤتی من مامنه ,2##115
103,5508,و قال ع کم من مستدرج بالاحسان الیه و مغرور بالستر علیه و مفتون بحسن القول فیه و ما ابتلی الله احدا بمثل الاملاء له ,2##116
104,5509,و قال ع هلک فی رجلان محب غال و مبغض قال ,2##117
105,5510,و قال ع اضاعه الفرصه غصه ,2##118
106,5511,و قال ع مثل الدنیا کمثل الحیه لین مسها و السم الناقع فی جوفها یهوی الیها الغر الجاهل و یحذرها ذو اللب العاقل ,2##119
107,5512,و سئل ع عن قریش فقال اما بنو مخزوم فریحانه قریش نحب حدیث رجالهم و النکاح فی نسائهم و اما بنو عبد شمس فابعدها رایا و امنعها لما وراء ظهورها و اما نحن فابذل لما فی ایدینا و اسمح عند الموت بنفوسنا و هم اکثر و امکر و انکر و نحن افصح و انصح و اصبح ,2##120
108,5513,و قال ع شتان ما بین عملین عمل تذهب لذته و تبقی تبعته و عمل تذهب مئونته و یبقی اجره ,2##121
109,5514,و تبع جنازه فسمع رجلا یضحک فقال کان الموت فیها علی غیرنا کتب و کان الحق فیها علی غیرنا وجب و کان الذی نری من الاموات سفر عما قلیل الینا راجعون نبوئهم اجداثهم و ناکل تراثهم کانا مخلدون بعدهم ثم قد نسینا کل واعظ و واعظه و رمینا بکل فادح و جائحه ,2##122
110,5515,و قال ع طوبی لمن ذل فی نفسه و طاب کسبه و صلحت سریرته و حسنت خلیقته و انفق الفضل من ماله و امسک الفضل من لسانه و عزل عن الناس شره و وسعته السنه و لم ینسب الی البدعه ,2##123
111,5516,و قال ع غیره المراه کفر و غیره الرجل ایمان ,2##124
112,5517,و قال ع لانسبن الاسلام نسبه لم ینسبها احد قبلی الاسلام هو التسلیم و التسلیم هو الیقین و الیقین هو التصدیق و التصدیق هو الاقرار و الاقرار هو الاداء و الاداء هو العمل ,2##125
113,5518,و قال ع من قصر فی العمل ابتلی‌ بالهم و لا حاجه لله فیمن لیس لله فی ماله و نفسه نصیب ,2##127
114,5519,و قال ع توقوا البرد فی اوله و تلقوه فی اخره فانه یفعل فی الابدان کفعله فی الاشجار اوله یحرق و اخره یورق ,2##128
115,5520,و قال ع عظم الخالق عندک یصغر المخلوق فی عینک ,2##129
116,5521,و قال ع ان لله ملکا ینادی فی کل یوم لدوا للموت و اجمعوا للفناء و ابنوا للخراب ,2##132
117,5522,و قال ع الدنیا دار ممر لا دار مقر و الناس فیها رجلان رجل باع فیها نفسه فاوبقها و رجل ابتاع نفسه فاعتقها ,2##133
118,5523,و قال ع لا یکون الصدیق صدیقا حتی یحفظ اخاه فی ثلاث فی نکبته و غیبته و وفاته ,2##134
119,5524,و قال ع الصلاه قربان کل تقی‌ و الحج جهاد کل ضعیف و لکل شیء زکاه و زکاه البدن الصیام و جهاد المراه حسن التبعل ,2##136
120,5525,و قال ع استنزلوا الرزق بالصدقه ,2##137
121,5526,و قال ع من ایقن بالخلف جاد بالعطیه ,2##138
122,5527,و قال ع تنزل المعونه علی قدر المئونه ,2##139
123,5528,و قال ع ما عال من اقتصد ,2##140
124,5529,و قال ع قله العیال احد الیسارین ,2##141
125,5530,و قال ع التودد نصف العقل ,2##142
126,5531,و قال ع الهم نصف الهرم ,2##143
127,5532,و قال ع ینزل الصبر علی قدر المصیبه و من ضرب یده علی فخذه عند مصیبته حبط عمله ,2##144
128,5533,و قال ع کم من صائم لیس له من صیامه الا الجوع و الظما و کم من قائم لیس له من قیامه الا السهر و العناء حبذا نوم الاکیاس و افطارهم ,2##145
129,5534,و قال ع سوسوا ایمانکم بالصدقه و حصنوا اموالکم بالزکاه و ادفعوا امواج البلاء بالدعاء ,2##146
130,5535,و قال ع المرء مخبوء تحت لسانه ,2##148
131,5536,و قال ع هلک امرؤ لم یعرف قدره ,2##149
132,5537,و قال ع لکل امر‌ئ عاقبه حلوه او مره ,2##151
133,5538,و قال ع لکل مقبل ادبار و ما ادبر کان لم یکن ,2##152
134,5539,و قال ع لا یعدم الصبور الظفر و ان طال به الزمان ,2##153
135,5540,و قال ع الراضی بفعل قوم کالداخل فیه معهم و علی کل داخل فی باطل اثمان اثم العمل به و اثم الرضی به ,2##154
136,5541,و قال ع اعتصموا بالذمم فی اوتادها ,2##155
137,5542,و قال ع علیکم بطاعه من لا تعذرون بجهالته ,2##156
138,5543,و قال ع قد بصرتم ان ابصرتم و قد هدیتم ان اهتدیتم و اسمعتم ان استمعتم ,2##157
139,5544,و قال ع عاتب اخاک بالاحسان الیه و اردد شره بالانعام علیه ,2##158
140,5545,و قال ع من وضع نفسه مواضع التهمه فلا یلومن من اساء به الظن ,2##159
141,5546,و قال ع من ملک استاثر ,2##160
142,5547,و قال ع من استبد برایه هلک و من شاور الرجال شارکها فی عقولها ,2##161
143,5548,و قال ع من کتم سره کانت الخیره بیده ,2##162
144,5549,و قال ع الفقر الموت الاکبر ,2##163
145,5550,و قال ع من قضی حق من لا یقضی حقه فقد عبده ,2##164
146,5551,و قال ع لا طاعه لمخلوق فی معصیه الخالق ,2##165
147,5552,و قال ع لا یعاب المرء بتاخیر حقه انما یعاب من اخذ ما لیس له ,2##166
148,5553,و قال ع الاعجاب یمنع الازدیاد ,2##167
149,5554,و قال ع الامر قریب و الاصطحاب قلیل ,2##168
150,5555,و قال ع قد اضاء الصبح لذی عینین ,2##169
151,5556,و قال ع ترک الذنب اهون من طلب المعونه ,2##170
152,5557,و قال ع کم من اکله منعت اکلات ,2##171
153,5558,و قال ع الناس اعداء ما جهلوا ,2##172
154,5559,و قال ع من استقبل وجوه الاراء عرف مواقع الخطا ,2##173
155,5560,و قال ع من احد سنان الغضب لله قوی‌ علی قتل اشداء الباطل ,2##174
156,5561,و قال ع اذا هبت امرا فقع فیه فان شده توقیه اعظم مما تخاف منه ,2##175
157,5562,و قال ع اله الریاسه سعه الصدر ,2##176
158,5563,و قال ع ازجر المسی‌ء بثواب المحسن ,2##177
159,5564,و قال ع احصد الشر من صدر غیرک بقلعه من صدرک ,2##178
160,5565,و قال ع اللجاجه تسل الرای‌ ,2##179
161,5566,و قال ع الطمع رق مؤبد ,2##180
162,5567,و قال ع ثمره التفریط الندامه و ثمره الحزم السلامه ,2##181
163,5568,و قال ع لا خیر فی الصمت عن الحکم کما انه لا خیر فی القول بالجهل ,2##182
164,5569,و قال ع ما اختلفت دعوتان الا کانت احداهما ضلاله ,2##183
165,5570,و قال ع ما شککت فی الحق مذ اریته ,2##184
166,5571,و قال ع ما کذبت و لا کذبت و لا ضللت و لا ضل بی‌ ,2##185
167,5572,و قال ع للظالم البادی غدا بکفه عضه ,2##186
168,5573,و قال ع الرحیل وشیک ,2##187
169,5574,و قال ع من ابدی صفحته للحق هلک ,2##188
170,5575,و قال ع من لم ینجه الصبر اهلکه الجزع ,2##189
171,5576,و قال ع وا عجباه ا تکون الخلافه بالصحابه و القرابه ,2##190
172,5577,و قال ع یا ابن ادم ما کسبت فوق قوتک فانت فیه خازن لغیرک ,2##192
173,5578,و قال ع ان للقلوب شهوه و اقبالا و ادبارا فاتوها من قبل شهوتها و اقبالها فان القلب اذا اکره عمی‌ ,2##193
174,5579,و کان ع یقول متی اشفی غیظی اذا غضبت ا حین اعجز عن الانتقام فیقال لی لو صبرت ام حین اقدر علیه فیقال لی لو عفوت ,2##194
175,5580,و قال ع و قد مر بقذر علی مزبله هذا ما بخل به الباخلون و روی‌ فی خبر اخر انه قال هذا ما کنتم تتنافسون فیه بالامس ,2##195
176,5581,و قال ع لم یذهب من مالک ما وعظک ,2##196
177,5582,و قال ع ان هذه القلوب تمل کما تمل الابدان فابتغوا لها طرائف الحکمه ,2##197
178,5583,و قال ع لما سمع قول الخوارج لا حکم الا لله کلمه حق یراد بها باطل ,2##198
179,5584,و قال ع و اتی‌ بجان و معه غوغاء فقال لا مرحبا بوجوه لا تری الا عند کل سواه ,2##200
180,5585,و قال ع ان مع کل انسان ملکین یحفظانه فاذا جاء القدر خلیا بینه و بینه و ان الاجل جنه حصینه ,2##201
181,5586,و قال ع و قد قال له طلحه و الزبیر نبایعک علی انا شرکاؤک فی هذا الامر لا و لکنکما شریکان فی القوه و الاستعانه و عونان علی العجز و الاود ,2##202
182,5587,و قال ع ایها الناس اتقوا الله الذی ان قلتم سمع و ان اضمرتم علم و بادروا الموت الذی ان هربتم منه ادرککم و ان اقمتم اخذکم و ان نسیتموه ذکرکم ,2##203
183,5588,و قال ع لا یزهدنک فی المعروف من لا یشکره لک فقد یشکرک علیه من لا یستمتع بشی‌ء منه و قد تدرک من شکر الشاکر اکثر مما اضاع الکافرو الله یحب المحسنین ,2##204
184,5589,و قال ع کل وعاء یضیق بما جعل فیه الا وعاء العلم فانه یتسع به ,2##205
185,5590,و قال ع اول عوض الحلیم من حلمه ان الناس انصاره علی الجاهل ,2##206
186,5591,و قال ع ان لم تکن حلیما فتحلم فانه قل من تشبه بقوم الا اوشک ان یکون منهم ,2##207
187,5592,و قال ع من حاسب نفسه ربح و من غفل عنها خسر و من خاف امن و من اعتبر ابصر و من ابصر فهم و من فهم علم ,2##208
188,5593,و قال ع لتعطفن الدنیا علینا بعد شماسها عطف الضروس علی ولدها و تلا عقیب ذلکو نرید ان نمن علی الذین استضعفوا فی الارض و نجعلهم ائمه و نجعلهم الوارثین ,2##209
189,5594,و قال ع اتقوا الله تقیه من شمر تجریدا و جد تشمیرا و کمش فی مهل و بادر عن وجل و نظر فی کره الموئل و عاقبه المصدر و مغبه المرجع ,2##210
190,5595,و قال ع عجب المرء بنفسه احد حساد عقله ,2##212
191,5596,و قال ع اغض علی القذی و الالم ترض ابدا ,2##213
192,5597,و قال ع من لان عوده کثفت اغصانه ,2##214
193,5598,و قال ع الخلاف یهدم الرای‌ ,2##215
194,5599,و قال ع من نال استطال ,2##216
195,5600,و قال ع فی تقلب الاحوال علم جواهر الرجال ,2##217
196,5601,و قال ع حسد الصدیق من سقم الموده ,2##218
197,5602,و قال ع اکثر مصارع العقول تحت بروق المطامع ,2##219
198,5603,و قال ع لیس من العدل القضاء علی الثقه بالظن ,2##220
199,5604,و قال ع بئس الزاد الی المعاد العدوان علی العباد ,2##221
200,5605,و قال ع من اشرف اعمال الکریم غفلته عما یعلم ,2##222
201,5606,و قال ع من کساه الحیاء ثوبه لم یر الناس عیبه ,2##223
202,5607,و قال ع بکثره الصمت تکون الهیبه و بالنصفه یکثر المواصلون و بالافضال تعظم الاقدار و بالتواضع تتم النعمه و باحتمال المؤن یجب السؤدد و بالسیره العادله یقهر المناو‌ئ و بالحلم عن السفیه تکثر الانصار علیه ,2##224
203,5608,و قال ع العجب لغفله الحساد عن سلامه الاجساد ,2##225
204,5609,و قال ع الطامع فی وثاق الذل ,2##226
205,5610,و سئل عن الایمان فقال الایمان معرفه بالقلب و اقرار باللسان و عمل بالارکان ,2##227
206,5611,و قال ع کفی بالقناعه ملکا و بحسن الخلق نعیما و سئل ع عن قوله تعالیفلنحیینه حیاه طیبه فقال هی‌ القناعه ,2##229
207,5612,و قال ع شارکوا الذی قد اقبل علیه الرزق فانه اخلق للغنی و اجدر باقبال الحظ علیه ,2##230
208,5613,و قال ع فی قوله تعالیان الله یامر بالعدل و الاحسانالعدل الانصاف و الاحسان التفضل ,2##231
209,5614,و قال ع من یعط بالید القصیره یعط بالید الطویله ,2##232
210,5615,و قال ع لابنه الحسن ع لا تدعون الی مبارزه و ان دعیت الیها فاجب فان الداعی‌ الیها باغ و الباغی‌ مصروع ,2##233
211,5616,و قال ع خیار خصال النساء شرار خصال الرجال الزهو و الجبن و البخل فاذا کانت المراه مزهوه لم تمکن من نفسها و اذا کانت بخیله حفظت مالها و مال بعلها و اذا کانت جبانه فرقت من کل شیء یعرض لها ,2##234
212,5617,و قیل له صف لنا العاقل فقال ع هو الذی یضع الشی‌ء مواضعه فقیل فصف لنا الجاهل فقال قد فعلت ,2##235
213,5618,و قال ع و الله لدنیاکم هذه اهون فی عینی من عراق خنزیر فی ید مجذوم ,2##236
214,5619,و قال ع ان قوما عبدوا الله رغبه فتلک عباده التجار و ان قوما عبدوا الله رهبه فتلک عباده العبید و ان قوما عبدوا الله شکرا فتلک عباده الاحرار ,2##237
215,5620,و قال ع المراه شر کلها و شر ما فیها انه لا بد منها ,2##238
216,5621,و قال ع من اطاع التوانی‌ ضیع الحقوق و من اطاع الواشی‌ ضیع الصدیق ,2##239
217,5622,و قال ع الحجر الغصیب فی الدار رهن علی خرابها ,2##240
218,5623,و قال ع یوم المظلوم علی الظالم اشد من یوم الظالم علی المظلوم ,2##241
219,5624,و قال ع اتق الله بعض التقی و ان قل و اجعل بینک و بین الله سترا و ان رق ,2##242
220,5625,و قال ع اذا ازدحم الجواب خفی‌ الصواب ,2##243
221,5626,و قال ع ان لله فی کل نعمه حقا فمن اداه زاده منها و من قصر فیه خاطر بزوال نعمته ,2##244
222,5627,و قال ع اذا کثرت المقدره قلت الشهوه ,2##245
223,5628,و قال ع احذروا نفار النعم فما کل شارد بمردود ,2##246
224,5629,و قال ع الکرم اعطف من الرحم ,2##247
225,5630,و قال ع من ظن بک خیرا فصدق ظنه ,2##248
226,5631,و قال ع افضل الاعمال ما اکرهت نفسک علیه ,2##249
227,5632,و قال ع عرفت الله سبحانه بفسخ العزائم و حل العقود و نقض الهمم ,2##250
228,5633,و قال ع مراره الدنیا حلاوه الاخره و حلاوه الدنیا مراره الاخره ,2##251
229,5634,و کان ع یقول احلفوا الظالم اذا اردتم یمینه بانه بری‌ء من حول الله و قوته فانه اذا حلف بها کاذبا عوجل العقوبه و اذا حلف بالله الذی لا اله الا هو لم یعاجل لانه قد وحد الله تعالی ,2##253
230,5635,و قال ع یا ابن ادم کن وصی‌ نفسک فی مالک و اعمل فیه ما تؤثر ان یعمل فیه من بعدک ,2##254
231,5636,و قال ع الحده ضرب من الجنون لان صاحبها یندم فان لم یندم فجنونه مستحکم ,2##255
232,5637,و قال ع صحه الجسد من قله الحسد ,2##256
233,5638,و قال ع اذا املقتم فتاجروا الله بالصدقه ,2##258
234,5639,و قال ع الوفاء لاهل الغدر غدر عند الله و الغدر باهل الغدر وفاء عند الله ,2##259
235,5640,و قال ع صاحب السلطان کراکب الاسد یغبط بموقعه و هو اعلم بموضعه ,2##263
236,5641,و قال ع احسنوا فی عقب غیرکم تحفظوا فی عقبکم ,2##264
237,5642,و قال ع ان کلام الحکماء اذا کان صوابا کان دواء و اذا کان خطا کان داء ,2##265
238,5643,و ساله رجل ان یعرفه الایمان فقال ع اذا کان الغد فاتنی حتی اخبرک علی اسماع الناس فان نسیت مقالتی حفظها علیک غیرک فان الکلام کالشارده ینقفها هذا و یخطئها هذا ,2##266
239,5644,و قال ع یا ابن ادم لا تحمل هم یومک الذی لم یاتک علی یومک الذی قد اتاک فانه ان یک من عمرک یات الله فیه برزقک ,2##267
240,5645,و قال ع احبب حبیبک هونا ما عسی ان یکون بغیضک یوما ما و ابغض بغیضک هونا ما عسی ان یکون حبیبک یوما ما ,2##268
241,5646,روی‌ انه ع رفع الیه رجلان سرقا من مال الله احدهما عبد من مال الله و الاخر من عروض الناس فقال ع اما هذا فهو من مال الله و لا حد علیه مال الله اکل بعضه بعضا و اما الاخر فعلیه الحد الشدید فقطع یده ,2##271
242,5647,و قال ع لو قد استوت قدمای‌ من هذه المداحض لغیرت اشیاء ,2##272
243,5648,و قال ع لا تجعلوا علمکم جهلا و یقینکم شکا اذا علمتم فاعملوا و اذا تیقنتم فاقدموا ,2##274
244,5649,و قال ع ان الطمع مورد غیر مصدر و ضامن غیر وفی‌ و ربما شرق شارب الماء قبل ریه و کلما عظم قدر الشی‌ء المتنافس فیه عظمت الرزیه لفقده و الامانی‌ تعمی اعین البصائر و الحظ یاتی من لا یاتیه ,2##275
245,5650,و قال ع اللهم انی اعوذ بک من ان تحسن فی لامعه العیون علانیتی و تقبح فیما ابطن لک سریرتی محافظا علی رثاء الناس من نفسی بجمیع ما انت مطلع علیه منی فابدی‌ للناس حسن ظاهری و افضی‌ الیک بسوء عملی تقربا الی عبادک و تباعدا من مرضاتک ,2##276
246,5651,و قال ع لا و الذی امسینا منه فی غبر لیله دهماء تکشر عن یوم اغر ما کان کذا و کذا ,2##277
247,5652,و قال ع قلیل تدوم علیه ارجی من کثیر مملول منه ,2##278
248,5653,و قال ع اذا اضرت النوافل بالفرائض فارفضوها ,2##279
249,5654,و قال ع من تذکر بعد السفر استعد ,2##280
250,5655,و قال ع لیست الرویه کالمعاینه مع الابصار فقد تکذب العیون اهلها و لا یغش العقل من استنصحه ,2##281
251,5656,و قال ع بینکم و بین الموعظه حجاب من الغره ,2##282
252,5657,و قال ع جاهلکم مزداد و عالمکم مسوف ,2##283
253,5658,و قال ع قطع العلم عذر المتعللین ,2##284
254,5659,و قال ع کل معاجل یسال الانظار و کل مؤجل یتعلل بالتسویف ,2##285
255,5660,و قال ع ما قال الناس لشی‌ء طوبی له الا و قد خبا له الدهر یوم سوء ,2##286
256,5661,و سئل عن القدر فقال طریق مظلم فلا تسلکوه و بحر عمیق فلا تلجوه و سر الله فلا تتکلفوه ,2##287
257,5662,و قال ع اذا ارذل الله عبدا حظر علیه العلم ,2##288
258,5663,و قال ع لو لم یتوعد الله علی معصیته لکان یجب الا یعصی شکرا لنعمه ,2##290
259,5664,و قال ع علی قبر رسول اللهص ساعه دفنه ان الصبر لجمیل الا عنک و ان الجزع لقبیح الا علیک و ان المصاب بک لجلیل و انه قبلک و بعدک لجلل ,2##292
260,5665,و قال ع لا تصحب المائق فانه یزین لک فعله و یود ان تکون مثله ,2##293
261,5666,و قد سئل عن مسافه ما بین المشرق و المغرب فقال ع مسیره یوم للشمس ,2##294
262,5667,و قال ع اصدقاؤک ثلاثه و اعداؤک ثلاثه فاصدقاؤک صدیقک و صدیق صدیقک و عدو عدوک و اعداؤک عدوک و عدو صدیقک و صدیق عدوک ,2##295
263,5668,و قال ع لرجل راه یسعی علی عدو له بما فیه اضرار بنفسه انما انت کالطاعن نفسه لیقتل ردفه ,2##296
264,5669,و قال ع ما اکثر العبر و اقل الاعتبار ,2##297
265,5670,و قال ع من بالغ فی الخصومه اثم و من قصر فیها ظلم و لا یستطیع ان یتقی‌ الله من خاصم ,2##298
266,5671,و قال ع ما اهمنی ذنب امهلت بعده حتی اصلی‌ رکعتین و اسال الله العافیه ,2##299
267,5672,و سئل ع کیف یحاسب الله الخلق علی کثرتهم فقال ع کما یرزقهم علی کثرتهم فقیل کیف یحاسبهم و لا یرونه فقال ع کما یرزقهم و لا یرونه ,2##300
268,5673,و قال ع رسولک ترجمان عقلک و کتابک ابلغ ما ینطق عنک ,2##301
269,5674,و قال ع ما المبتلی الذی قد اشتد به البلاء باحوج الی الدعاء الذی لا یامن البلاء ,2##302
270,5675,و قال ع الناس ابناء الدنیا و لا یلام الرجل علی حب امه ,2##303
271,5676,و قال ع ان المسکین رسول الله فمن منعه فقد منع الله و من اعطاه فقد اعطی الله ,2##304
272,5677,و قال ع ما زنی غیور قط ,2##305
273,5678,و قال ع کفی بالاجل حارسا ,2##306
274,5679,و قال ع ینام الرجل علی الثکل و لا ینام علی الحرب ,2##307
275,5680,و قال ع موده الاباء قرابه بین الابناء و القرابه الی الموده احوج من الموده الی القرابه ,2##308
276,5681,و قال ع اتقوا ظنون المؤمنین فان الله تعالی جعل الحق علی السنتهم ,2##309
277,5682,و قال ع لا یصدق ایمان عبد حتی یکون بما فی ید الله اوثق منه بما فی یده ,2##310
278,5683,و قال ع لانس بن مالک و قد کان بعثه الی طلحه و الزبیر لما جاء الی البصره یذکرهما شیئا مما سمعه من رسول اللهص فی معناهما فلوی عن ذلک فرجع الیه فقال انی انسیت ذلک الامر فقال ع ان کنت کاذبا فضربک الله بها بیضاء لامعه لا تواریها العمامه ,2##311
279,5684,و قال ع ان للقلوب اقبالا و ادبارا فاذا اقبلت فاحملوها علی النوافل و اذا ادبرت فاقتصروا بها علی الفرائض ,2##312
280,5685,و قال ع و فی القران نبا ما قبلکم و خبر ما بعدکم و حکم ما بینکم ,2##313
281,5686,و قال ع ردوا الحجر من حیث جاء فان الشر لا یدفعه الا الشر ,2##314
282,5687,و قال ع لکاتبه عبید الله بن ابی رافع الق دواتک و اطل جلفه قلمک و فرج بین السطور و قرمط بین الحروف فان ذلک اجدر بصباحه الخط ,2##315
283,5688,و قال ع انا یعسوب المؤمنین و المال یعسوب الفجار ,2##316
284,5689,و قال له بعض الیهود ما دفنتم نبیکم حتی اختلفتم فیه فقال ع له انما اختلفنا عنه لا فیه و لکنکم ما جفت ارجلکم من البحر حتی قلتم لنبیکماجعل لنا الها کما لهم الهه قال انکم قوم تجهلون ,2##317
285,5690,و قیل له بای‌ شیء غلبت الاقران فقال ع ما لقیت رجلا الا اعاننی علی نفسه ,2##318
286,5691,و قال ع لابنه محمد ابن الحنفیه یا بنی‌ انی اخاف علیک الفقر فاستعذ بالله منه فان الفقر منقصه للدین مدهشه للعقل داعیه للمقت ,2##319
287,5692,و قال ع لسائل ساله عن معضله سل تفقها و لا تسال تعنتا فان الجاهل المتعلم شبیه بالعالم و ان العالم المتعسف شبیه بالجاهل المتعنت ,2##320
288,5693,و قال ع لعبد الله بن العباس و قد اشار الیه فی شیء لم یوافق رایه لک ان تشیر علی و اری فان عصیتک فاطعنی ,2##321
289,5694,و قال ع و قد مر بقتلی الخوارج یوم النهروان بؤسا لکم لقد ضرکم من غرکم فقیل له من غرهم یا امیر المؤمنین فقال الشیطان المضل و الانفس الاماره بالسوء غرتهم بالامانی‌ و فسحت لهم بالمعاصی و وعدتهم الاظهار فاقتحمت بهم النار ,2##323
290,5695,و قال ع اتقوا معاصی‌ الله فی الخلوات فان الشاهد هو الحاکم ,2##324
291,5696,و قال ع لما بلغه قتل محمد بن ابی بکر ان حزننا علیه علی قدر سرورهم به الا انهم نقصوا بغیضا و نقصنا حبیبا ,2##325
292,5697,و قال ع العمر الذی اعذر الله فیه الی ابن ادم ستون سنه ,2##326
293,5698,و قال ع ما ظفر من ظفر الاثم به و الغالب بالشر مغلوب ,2##327
294,5699,و قال ع ان الله سبحانه فرض فی اموال الاغنیاء اقوات الفقراء فما جاع فقیر الا بما متع به غنی‌ و الله تعالی سائلهم عن ذلک ,2##328
295,5700,و قال ع الاستغناء عن العذر اعز من الصدق به ,2##329
296,5701,و قال ع اقل ما یلزمکم لله الا تستعینوا بنعمه علی معاصیه ,2##330
297,5702,و قال ع ان الله سبحانه جعل الطاعه غنیمه الاکیاس عند تفریط العجزه ,2##331
298,5703,و قال ع السلطان وزعه الله فی ارضه ,2##332
299,5704,و قال ع فی صفه المؤمن المؤمن بشره فی وجهه و حزنه فی قلبه اوسع شیء صدرا و اذل شیء نفسا یکره الرفعه و یشنا السمعه طویل غمه بعید همه کثیر صمته مشغول وقته شکور صبور مغمور بفکرته ضنین بخلته سهل الخلیقه لین العریکه نفسه اصلب من الصلد و هو اذل من العبد ,2##333
300,5705,و قال ع لو رای العبد الاجل و مصیره لابغض الامل و غروره ,2##334
301,5706,و قال ع لکل امر‌ئ فی ماله شریکان الوارث و الحوادث ,2##335
302,5707,و قال ع المسئول حر حتی یعد ,2##336
303,5708,و قال ع الداعی بلا عمل کالرامی بلا وتر ,2##337
304,5709,و قال ع العلم علمان مطبوع و مسموع و لا ینفع المسموع اذا لم یکن المطبوع ,2##338
305,5710,و قال ع صواب الرای‌ بالدول یقبل باقبالها و یذهب بذهابها ,2##339
306,5711,و قال ع العفاف زینه الفقر و الشکر زینه الغنی ,2##340
307,5712,و قال ع یوم العدل علی الظالم اشد من یوم الجور علی المظلوم ,2##341
308,5713,و قال ع الغنی الاکبر الیاس عما فی ایدی الناس ,2##342
309,5714,و قال ع الاقاویل محفوظه و السرائر مبلوه وکل نفس بما کسبت رهینه و الناس منقوصون مدخولون الا من عصم الله سائلهم متعنت و مجیبهم متکلف یکاد افضلهم رایا یرده عن فضل رایه الرضی و السخط و یکاد اصلبهم عودا تنکؤه اللحظه و تستحیله الکلمه الواحده ,2##343
310,5715,و قال ع معاشر الناس اتقوا الله فکم من مؤمل ما لا یبلغه و بان ما لا یسکنه و جامع ما سوف یترکه و لعله من باطل جمعه و من حق منعه اصابه حراما و احتمل به اثاما فباء بوزره و قدم علی ربه اسفا لاهفا قدخسر الدنیا و الاخره ذلک هو الخسران المبین ,2##344
311,5716,و قال ع من العصمه تعذر المعاصی‌ ,2##345
312,5717,و قال ع ماء وجهک جامد یقطره السؤال فانظر عند من تقطره ,2##346
313,5718,و قال ع الثناء باکثر من الاستحقاق ملق و التقصیر عن الاستحقاق عی‌ او حسد ,2##347
314,5719,و قال ع اشد الذنوب ما استهان به صاحبه ,2##348
315,5720,و قال ع للظالم من الرجال ثلاث علامات یظلم من فوقه بالمعصیه و من دونه بالغلبه و یظاهر القوم الظلمه ,2##350
316,5721,و قال ع  عند تناهی الشده تکون الفرجه و عند تضایق حلق البلاء یکون الرخاء ,2##351
317,5722,و قال ع لبعض اصحابه لا تجعلن اکثر شغلک باهلک و ولدک فان یکن اهلک و ولدک اولیاء الله فان الله لا یضیع اولیاءه و ان یکونوا اعداء الله فما همک و شغلک باعداء الله ,2##352
318,5723,و قال ع اکبر العیب ان تعیب ما فیک مثله ,2##353
319,5724,و هنا بحضرته رجل رجلا بغلام ولد له فقال له لیهنئک الفارس فقال ع لا تقل ذلک و لکن قل شکرت الواهب و بورک لک فی الموهوب و بلغ اشده و رزقت بره ,2##354
320,5725,و بنی رجل من عماله بناء فخما فقال ع اطلعت الورق رءوسها ان البناء یصف لک الغنی ,2##355
321,5726,و عزی قوما عن میت مات لهم فقال ع ان هذا الامر لیس لکم بدا و لا الیکم انتهی و قد کان صاحبکم هذا یسافر فعدوه فی بعض اسفاره فان قدم علیکم و الا قدمتم علیه ,2##357
322,5727,و قیل له ع لو سد علی رجل باب بیته و ترک فیه من این کان یاتیه رزقه فقال ع من حیث یاتیه اجله ,2##356
323,5728,و قال ع ایها الناس لیرکم الله من النعمه وجلین کما یراکم من النقمه فرقین انه من وسع علیه فی ذات یده فلم یر ذلک استدراجا فقد امن مخوفا و من ضیق علیه فی ذات یده فلم یر ذلک اختبارا فقد ضیع مامولا ,2##358
324,5729,و قال ع یا اسری الرغبه اقصروا فان المعرج علی الدنیا لا یروعه منها الا صریف انیاب الحدثان ایها الناس تولوا من انفسکم تادیبها و اعدلوا بها عن ضراوه عاداتها ,2##359
325,5730,و قال ع لا تظنن بکلمه خرجت من احد سوءا و انت تجد لها فی الخیر محتملا ,2##360
326,5731,و قال ع اذا کانت لک الی الله سبحانه حاجه فابدا بمساله الصلاه علی رسولهص ثم سل حاجتک فان الله اکرم من ان یسال حاجتین فیقضی‌ احداهما و یمنع الاخری ,2##361
327,5732,و قال ع من ضن بعرضه فلیدع المراء ,2##362
328,5733,و قال ع من الخرق المعاجله قبل الامکان و الاناه بعد الفرصه ,2##363
329,5734,و قال ع لا تسال عما لا یکون ففی الذی قد کان لک شغل ,2##364
330,5735,و قال ع الفکر مراه صافیه و الاعتبار منذر ناصح و کفی ادبا لنفسک تجنبک ما کرهته لغیرک ,2##365
331,5736,و قال ع العلم مقرون بالعمل فمن علم عمل و العلم یهتف بالعمل فان اجابه و الا ارتحل عنه ,2##366
332,5737,و قال ع ان الله سبحانه وضع الثواب علی طاعته و العقاب علی معصیته ذیاده لعباده عن نقمته و حیاشه لهم الی جنته ,2##368
333,5738,و عن ابی جحیفه قال سمعت امیر المؤمنین ع یقول اول ما تغلبون علیه من الجهاد الجهاد بایدیکم ثم بالسنتکم ثم بقلوبکم فمن لم یعرف بقلبه معروفا و لم ینکر منکرا قلب فجعل اعلاه اسفله و اسفله اعلاه ,2##375
334,5739,و قال ع ان الحق ثقیل مری‌ء و ان الباطل خفیف وبی‌ء ,2##376
335,5740,و قال ع لا تامنن علی خیر هذه الامه عذاب الله لقوله تعالیفلا یامن مکر الله الا القوم الخاسرون و لا تیاسن لشر هذه الامه من روح الله لقوله تعالیانه لا ییاس من روح الله الا القوم الکافرون ,2##377
336,5741,و قال ع البخل جامع لمساو‌ئ العیوب و هو زمام یقاد به الی کل سوء ,2##378
337,5742,و قال ع رب مستقبل یوما لیس بمستدبره و مغبوط فی اول لیله قامت بواکیه فی اخره ,2##380
338,5743,و قال ع الکلام فی وثاقک ما لم تتکلم به فاذا تکلمت به صرت فی وثاقه فاخزن لسانک کما تخزن ذهبک و ورقک فرب کلمه سلبت نعمه و جلبت نقمه ,2##381
339,5744,و قال ع لا تقل ما لا تعلم بل لا تقل کل ما تعلم فان الله فرض علی جوارحک کلها فرائض یحتج بها علیک یوم القیامه ,2##382
340,5745,و قال ع احذر ان یراک الله عند معصیته و یفقدک عند طاعته فتکون من الخاسرین و اذا قویت فاقو علی طاعه الله و اذا ضعفت فاضعف عن معصیه الله ,2##383
341,5746,و قال ع الرکون الی الدنیا مع ما تعاین منها جهل و التقصیر فی حسن العمل اذا وثقت بالثواب علیه غبن و الطمانینه الی کل احد قبل الاختبار له عجز ,2##384
342,5747,و قال ع من هوان الدنیا علی الله انه لا یعصی الا فیها و لا ینال ما عنده الا بترکها ,2##385
343,5748,و قال ع من طلب شیئا ناله او بعضه ,2##386
344,5749,و قال ع ما خیر بخیر بعده النار و ما شر بشر بعده الجنه و کل نعیم دون الجنه فهو محقور و کل بلاء دون النار عافیه ,2##387
345,5750,و قال ع الا و ان من البلاء الفاقه و اشد من الفاقه مرض البدن و اشد من مرض البدن مرض القلب الا و ان من صحه البدن تقوی القلب ,2##388
346,5751,و قال ع من ابطا به عمله لم یسرع به نسبه و فی روایه اخری من فاته حسب نفسه لم ینفعه حسب ابائه ,2##389
347,5752,و قال ع للمؤمن ثلاث ساعات فساعه یناجی فیها ربه و ساعه یرم معاشه و ساعه یخلی بین نفسه و بین لذتها فیما یحل و یجمل و لیس للعاقل ان یکون شاخصا الا فی ثلاث مرمه لمعاش او خطوه فی معاد او لذه فی غیر محرم ,2##390
348,5753,و قال ع ازهد فی الدنیا یبصرک الله عوراتها و لا تغفل فلست بمغفول عنک ,2##391
349,5754,و قال ع تکلموا تعرفوا فان المرء مخبوء تحت لسانه ,2##392
350,5755,و قال ع خذ من الدنیا ما اتاک و تول عما تولی عنک فان انت لم تفعل فاجمل فی الطلب ,2##393
351,5756,و قال ع رب قول انفذ من صول ,2##394
352,5757,و قال ع کل مقتصر علیه کاف ,2##395
353,5758,و قال ع المنیه و لا الدنیه و التقلل و لا التوسل و من لم یعط قاعدا لم یعط قائما و الدهر یومان یوم لک و یوم علیک فاذا کان لک فلا تبطر و اذا کان علیک فاصبر ,2##396
354,5759,و قال ع نعم الطیب المسک خفیف محمله عطر ریحه ,2##397
355,5760,و قال ع ضع فخرک و احطط کبرک و اذکر قبرک ,2##398
356,5761,و قال ع ان للولد علی الوالد حقا و ان للوالد علی الولد حقا فحق الوالد علی الولد ان یطیعه فی کل شیء الا فی معصیه الله سبحانه و حق الولد علی الوالد ان یحسن اسمه و یحسن ادبه و یعلمه القران ,2##399
357,5762,و قال ع العین حق و الرقی حق و السحر حق و الفال حق و الطیره لیست بحق و العدوی لیست بحق و الطیب نشره و العسل نشره و الرکوب نشره و النظر الی الخضره نشره ,2##400
358,5763,و قال ع مقاربه الناس فی اخلاقهم امن من غوائلهم ,2##401
359,5764,و قال ع لبعض مخاطبیه و قد تکلم بکلمه یستصغر مثله عن قول مثلها لقد طرت شکیرا و هدرت سقبا ,2##402
360,5765,و قال ع من اوما الی متفاوت خذلته الحیل ,2##403
361,5766,و قال ع و قد سئل عن معنی قولهم لا حول و لا قوه الا بالله انا لا نملک مع الله شیئا و لا نملک الا ما ملکنا فمتی ملکنا ما هو املک به منا کلفنا و متی اخذه منا وضع تکلیفه عنا ,2##404
362,5767,و قال ع لعمار بن یاسر و قد سمعه یراجع المغیره بن شعبه کلاما دعه یا عمار فانه لم یاخذ من الدین الا ما قاربه من الدنیا و علی عمد لبس علی نفسه لیجعل الشبهات عاذرا لسقطاته ,2##405
363,5768,و قال ع ما احسن تواضع الاغنیاء للفقراء طلبا لما عند الله و احسن منه تیه الفقراء علی الاغنیاء اتکالا علی الله ,2##406
364,5769,و قال ع ما استودع الله امرا عقلا الا استنقذه به یوما ما ,2##407
365,5770,و قال ع من صارع الحق صرعه ,2##408
366,5771,و قال ع القلب مصحف البصر ,2##409
367,5772,و قال ع التقی رئیس الاخلاق ,2##410
368,5773,و قال ع لا تجعلن ذرب لسانک علی من انطقک و بلاغه قولک علی من سددک ,2##411
369,5774,و قال ع کفاک ادبا لنفسک اجتناب ما تکرهه من غیرک ,2##412
370,5775,و قال ع من صبر صبر الاحرار و الا سلا سلو الاغمار ,2##413
371,5776,و فی خبر اخر انه ع قال للاشعث بن قیس معزیا عن ابن له ان صبرت صبر الاکارم و الا سلوت سلو البهائم ,2##414
372,5777,و قال ع فی صفه الدنیا تغر و تضر و تمر ان الله تعالی لم یرضها ثوابا لاولیائه و لا عقابا لاعدائه و ان اهل الدنیا کرکب بینا هم حلوا اذ صاح بهم سائقهم فارتحلوا ,2##415
373,5778,و قال ع الحلم عشیره ,2##418
374,5779,و قال ع مسکین ابن ادم مکتوم الاجل مکنون العلل محفوظ العمل تؤلمه البقه و تقتله الشرقه و تنتنه العرقه ,2##419
375,5780,و قال ع کفاک من عقلک ما اوضح لک سبل غیک من رشدک ,2##421
376,5781,و قال ع افعلوا الخیر و لا تحقروا منه شیئا فان صغیره کبیر و قلیله کثیر و لا یقولن احدکم ان احدا اولی بفعل الخیر منی فیکون و الله کذلک ان للخیر و الشر اهلا فمهما ترکتموه منهما کفاکموه اهله ,2##422
377,5782,و قال ع من اصلح سریرته اصلح الله علانیته و من عمل لدینه کفاه الله امر دنیاه و من احسن فیما بینه و بین الله احسن الله ما بینه و بین الناس ,2##423
378,5783,و قال ع الحلم غطاء ساتر و العقل حسام قاطع فاستر خلل خلقک بحلمک و قاتل هواک بعقلک ,2##424
379,5784,و قال ع ان لله عبادا یختصهم الله بالنعم لمنافع العباد فیقرها فی ایدیهم ما بذلوها فاذا منعوها نزعها منهم ثم حولها الی غیرهم ,2##425
380,5785,و قال ع لا ینبغی للعبد ان یثق بخصلتین العافیه و الغنی بینا تراه معافی اذ سقم و بینا تراه غنیا اذ افتقر ,2##426
381,5786,و قال ع من شکا الحاجه الی مؤمن فکانه شکاها الی الله و من شکاها الی کافر فکانما شکا الله ,2##427
382,5787,و قال ع فی بعض الاعیاد انما هو عید لمن قبل الله صیامه و شکر قیامه و کل یوم لا یعصی الله فیه فهو عید ,2##428
383,5788,و قال ع ان اعظم الحسرات یوم القیامه حسره رجل کسب مالا فی غیر طاعه الله فورثه رجل فانفقه فی طاعه الله سبحانه فدخل به الجنه و دخل الاول به النار ,2##429
384,5789,و قال ع ان اخسر الناس صفقه و اخیبهم سعیا رجل اخلق بدنه فی طلب ماله و لم تساعده المقادیر علی ارادته فخرج من الدنیا بحسرته و قدم علی الاخره بتبعته ,2##430
385,5790,و قال ع الرزق رزقان طالب و مطلوب فمن طلب الدنیا طلبه الموت حتی یخرجه عنها و من طلب الاخره طلبته الدنیا حتی یستوفی‌ رزقه منها ,2##431
386,5791,و قال ع اذکروا انقطاع اللذات و بقاء التبعات ,2##433
387,5792,و قال ع اخبر تقله ,2##434
388,5793,و قال ع ما کان الله لیفتح علی عبد باب الشکر و یغلق عنه باب الزیاده و لا لیفتح علی عبد باب الدعاء و یغلق عنه باب الاجابه و لا لیفتح لعبد باب التوبه و یغلق عنه باب المغفره ,2##435
389,5794,و قال ع اولی الناس بالکرم من عرفت به الکرام ,2##436
390,5795,و سئل ع ایهما افضل العدل او الجود فقال ع العدل یضع الامور مواضعها و الجود یخرجها من جهتها و العدل سائس عام و الجود عارض خاص فالعدل اشرفهما و افضلهما ,2##437
391,5796,و قال ع الناس اعداء ما جهلوا ,2##438
392,5797,و قال ع الزهد کله بین کلمتین من القران قال الله سبحانهلکیلا تاسوا علی ما فاتکم و لا تفرحوا بما اتاکم و من لم یاس علی الماضی و لم یفرح بالاتی فقد اخذ الزهد بطرفیه ,2##439
393,5798,و قال ع ما انقض النوم لعزائم الیوم ,2##440
394,5799,و قال ع الولایات مضامیر الرجال ,2##441
395,5800,و قال ع لیس بلد باحق بک من بلد خیر البلاد ما حملک ,2##442
396,5801,و قال ع و قد جاءه نعی‌ الاشتر رحمه الله مالک و ما مالک و الله لو کان جبلا لکان فندا و لو کان حجرا لکان صلدا لا یرتقیه الحافر و لا یوفی علیه الطائر ,2##443
397,5802,و قال ع قلیل مدوم علیه خیر من کثیر مملول منه ,2##444
398,5803,و قال ع اذا کان فی رجل خله رائقه فانتظروا اخواتها ,2##445
399,5804,و قال ع لغالب بن صعصعه ابی الفرزدق فی کلام دار بینهما ما فعلت ابلک الکثیره قال دغدغتها الحقوق یا امیر المؤمنین فقال ع ذلک احمد سبلها ,2##446
400,5805,و قال ع من اتجر بغیر فقه فقد ارتطم فی الربا ,2##447
401,5806,و قال ع من عظم صغار المصائب ابتلاه الله بکبارها ,2##448
402,5807,و قال ع من کرمت علیه نفسه هانت علیه شهواته ,2##449
403,5808,و قال ع ما مزح امرؤ مزحه الا مج من عقله مجه ,2##450
404,5809,و قال ع زهدک فی راغب فیک نقصان حظ و رغبتک فی زاهد فیک ذل نفس ,2##451
405,5810,و قال ع الغنی و الفقر بعد العرض علی الله ,2##452
406,5811,و قال ع ما زال الزبیر رجلا منا اهل البیت حتی نشا ابنه المشئوم عبد الله ,2##453
407,5812,و قال ع ما لابن ادم و الفخر اوله نطفه و اخره جیفه و لا یرزق نفسه و لا یدفع حتفه ,2##454
408,5813,و سئل من اشعر الشعراء فقال ع ان القوم لم یجروا فی حلبه تعرف الغایه عند قصبتها فان کان و لا بد فالملک الضلیل ,2##455
409,5814,و قال ع الا حر یدع هذه اللماظه لاهلها انه لیس لانفسکم ثمن الا الجنه فلا تبیعوها الا بها ,2##456
410,5815,و قال ع منهومان لا یشبعان طالب علم و طالب دنیا ,2##457
411,5816,و قال ع الایمان ان تؤثر الصدق حیث یضرک علی الکذب حیث ینفعک و الا یکون فی حدیثک فضل عن عملک و ان تتقی‌ الله فی حدیث غیرک ,2##458
412,5817,و قال ع یغلب المقدار علی التقدیر حتی تکون الافه فی التدبیر ,2##459
413,5818,و قال ع الحلم و الاناه توامان ینتجهما علو الهمه ,2##460
414,5819,و قال ع الغیبه جهد العاجز ,2##461
415,5820,و قال ع رب مفتون بحسن القول فیه ,2##462
416,5821,و قال ع الدنیا خلقت لغیرها و لم تخلق لنفسها ,2##463
417,5822,و قال ع ان لبنی امیه مرودا یجرون فیه و لو قد اختلفوا فیما بینهم ثم کادتهم الضباع لغلبتهم ,2##464
418,5823,و قال ع فی مدح الانصار هم و الله ربوا الاسلام کما یربی الفلو مع غنائهم بایدیهم السباط و السنتهم السلاط ,2##465
419,5824,و قال ع العین وکاء السه ,2##466
420,5825,و قال ع فی کلام له و ولیهم وال فاقام و استقام حتی ضرب الدین بجرانه ,2##467
421,5826,و قال ع یاتی علی الناس زمان عضوض یعض الموسر فیه علی ما فی یدیه و لم یؤمر بذلک قال الله سبحانهو لا تنسوا الفضل بینکمتنهد فیه الاشرار و تستذل الاخیار و یبایع المضطرون و قد نهی رسول اللهص عن بیع المضطرین ,2##468
422,5827,و قال ع یهلک فی رجلان محب مفرط و باهت مفتر هلک فی رجلان محب غال و مبغض قال ,2##469
423,5828,و سئل عن التوحید و العدل فقال ع التوحید الا تتوهمه و العدل الا تتهمه ,2##470
424,5829,و قال ع لا خیر فی الصمت عن الحکم کما انه لا خیر فی القول بالجهل ,2##471
425,5830,و قال ع فی دعاء استسقی به اللهم اسقنا ذلل السحاب دون صعابها ,2##472
426,5831,و قیل له ع لو غیرت شیبک یا امیر المؤمنین فقال ع الخضاب زینه و نحن قوم فی مصیبه یرید وفاه رسول اللهص ,2##473
427,5832,و قال ع ما المجاهد الشهید فی سبیل الله باعظم اجرا ممن قدر فعف لکاد العفیف ان یکون ملکا من الملائکه ,2##474
428,5833,و قال ع القناعه مال لا ینفد ,2##475
429,5834,و قال ع لزیاد ابن ابیه و قد استخلفه لعبد الله بن العباس علی فارس و اعمالها فی کلام طویل کان بینهما نهاه فیه عن تقدم الخراج.استعمل العدل و احذر العسف و الحیف فان العسف یعود بالجلاء و الحیف یدعو الی السیف ,2##476
430,5835,و قال ع اشد الذنوب ما استخف بها صاحبه ,2##477
431,5836,و قال ع ما اخذ الله علی اهل الجهل ان یتعلموا حتی اخذ علی اهل العلم ان یعلموا ,2##478
432,5837,و قال ع شر الاخوان من تکلف له ,2##479
433,5838,و قال ع اذا احتشم المؤمن اخاه فقد فارقه,2##480
